Age,Gender,Weight (kg),Height (m),Max_BPM,Avg_BPM,Resting_BPM,Session_Duration (hours),Calories_Burned,Workout_Type,Fat_Percentage,Water_Intake (liters),Workout_Frequency (days/week),Experience_Level,BMI,Calories per Minute,Heart Rate Recovery
56,Male,88.3,1.71,180,157,60,1.69,1313,Yoga,12.6,3.5,4,3,30.2,12.95,120
46,Female,74.9,1.53,179,151,66,1.3,883,HIIT,33.9,2.1,4,2,32,11.32,113
32,Female,68.1,1.66,167,122,54,1.11,677,Cardio,33.4,2.3,4,2,24.71,10.17,113
25,Male,53.2,1.7,190,164,56,0.59,532,Strength,28.8,2.1,3,1,18.41,15.03,134
38,Male,46.1,1.79,188,158,68,0.64,556,Strength,29.2,2.8,3,1,14.39,14.48,120
56,Female,58,1.68,168,156,74,1.59,1116,HIIT,15.5,2.7,5,3,20.55,11.70,94
36,Male,70.3,1.72,174,169,73,1.49,1385,Cardio,21.3,2.3,3,2,23.76,15.49,101
40,Female,69.7,1.51,189,141,64,1.27,895,Cardio,30.6,1.9,3,2,30.57,11.75,125
28,Male,121.7,1.94,185,127,52,1.03,719,Strength,28.9,2.6,4,2,32.34,11.63,133
28,Male,101.8,1.84,169,136,64,1.08,808,Cardio,29.7,2.7,3,1,30.07,12.47,105
41,Male,120.8,1.67,188,146,54,0.82,593,HIIT,20.5,3,2,1,43.31,12.05,134
53,Male,51.7,1.7,175,152,72,1.15,865,HIIT,23.6,3.5,3,2,17.89,12.54,103
57,Male,112.5,1.61,195,165,61,1.24,1013,Cardio,22.1,2.7,3,2,43.4,13.62,134
41,Male,94.5,2,179,136,69,1.18,794,HIIT,27.6,3.7,3,1,23.62,11.21,110
20,Male,117.7,1.81,196,161,54,1.35,1195,Yoga,26.4,3.3,3,2,35.93,14.75,142
39,Female,42.5,1.75,181,131,52,1.13,740,Strength,26.2,2.1,2,1,13.88,10.91,129
19,Female,64,1.53,166,167,58,1.33,1111,HIIT,29.8,2.3,3,2,27.34,13.92,108
41,Female,43.8,1.77,182,165,58,1.19,884,Cardio,31.9,1.6,3,1,13.98,12.38,124
47,Female,66.8,1.75,199,146,56,1.13,742,Strength,32.8,2.5,3,2,21.81,10.94,143
55,Female,75.2,1.67,188,167,51,1.37,1030,HIIT,25.2,2.2,2,1,26.96,12.53,137
19,Male,89,1.77,175,127,72,1.5,1048,Strength,28.9,3.7,4,2,28.41,11.64,103
38,Male,71.9,1.77,197,142,72,1.12,875,Cardio,25.7,3.1,2,1,22.95,13.02,125
50,Female,71,1.68,187,161,70,1.17,848,Yoga,33.1,2.5,2,1,25.16,12.08,117
29,Male,120.9,1.78,197,168,65,0.78,721,Yoga,28.1,3.4,2,1,38.16,15.41,132
39,Female,64.3,1.69,190,148,58,1.25,925,HIIT,26.9,1.9,4,2,22.51,12.33,132
42,Female,63.7,1.71,173,169,62,1.42,1080,Yoga,26.1,1.8,3,2,21.78,12.68,111
44,Male,65.2,1.8,192,139,68,0.73,502,HIIT,27.2,2.7,2,1,20.12,11.46,124
59,Male,53.9,1.75,168,135,69,1.48,989,Strength,21.6,2.8,4,2,17.6,11.14,99
45,Male,84.9,1.86,186,136,66,1.64,1104,HIIT,14.2,3.5,5,3,24.54,11.22,120
33,Female,78,1.68,183,135,55,1.29,871,HIIT,32.3,1.8,3,2,27.64,11.25,128
32,Male,108.2,1.8,172,138,53,1.27,964,HIIT,28.4,3.5,3,1,33.4,12.65,119
20,Female,65.4,1.52,185,127,50,1.03,654,Yoga,28,2.2,4,2,28.31,10.58,135
54,Female,50.2,1.61,188,157,67,1.48,1046,HIIT,28.2,2.7,2,1,19.37,11.78,121
24,Female,58.9,1.51,187,157,68,1.04,816,Cardio,31.7,2.5,2,1,25.83,13.08,119
38,Male,81.4,1.71,187,148,58,1.52,1237,HIIT,10.2,3.5,5,3,27.84,13.56,129
26,Male,127.6,1.73,167,160,62,1.32,1162,Strength,27.3,2.9,3,1,42.63,14.67,105
56,Female,59.3,1.56,182,155,57,1.26,879,Cardio,33.4,2.6,4,2,24.37,11.63,125
35,Male,96.9,1.71,188,145,72,1.34,1069,Strength,24.2,2.9,3,2,33.14,13.30,116
21,Male,62.6,1.81,164,150,62,1.3,1072,Strength,27.6,3.5,4,2,19.11,13.74,102
42,Male,45.5,1.6,166,163,64,1.31,1057,Strength,21.7,2.6,3,2,17.77,13.45,102
31,Female,48.8,1.51,195,131,60,1.48,969,Cardio,28.2,2,2,1,21.4,10.91,135
26,Female,44.3,1.6,186,136,61,1.08,734,Cardio,34.7,2,3,1,17.3,11.33,125
43,Male,113.2,1.83,161,134,63,1.45,962,Yoga,29.9,2.9,4,2,33.8,11.06,98
19,Female,60.5,1.59,184,128,53,1.14,730,Cardio,30.1,2.2,2,1,23.93,10.67,131
37,Male,124.2,1.76,168,158,50,1.5,1304,HIIT,29.3,2.8,2,1,40.1,14.49,118
45,Male,52.4,1.85,186,161,73,1.2,956,Strength,25.2,2.5,3,1,15.31,13.28,113
24,Male,54.7,1.74,160,167,53,0.84,772,Yoga,22.9,3.6,3,1,18.07,15.32,107
25,Male,88.1,1.95,182,131,68,1.41,1016,Cardio,22.7,3,2,1,23.17,12.01,114
52,Female,59.7,1.71,169,151,58,1.23,836,Strength,34.3,2,3,1,20.42,11.33,111
31,Female,79.7,1.54,184,144,59,1.03,742,Cardio,26.7,2.3,4,2,33.61,12.01,125
34,Female,51,1.62,162,158,53,1.42,1122,Yoga,30.8,2.4,3,2,19.43,13.17,109
53,Male,84.2,1.76,165,137,69,1.67,1133,Cardio,12.8,3.5,5,3,27.18,11.31,96
57,Male,122.1,1.89,165,134,58,1.13,750,Cardio,27.4,3.6,3,1,34.18,11.06,107
21,Male,96.7,1.72,161,151,62,1.26,1046,Strength,25,2.8,3,1,32.69,13.84,99
19,Female,73,1.79,177,125,61,0.81,506,HIIT,27.7,1.6,3,1,22.78,10.41,116
23,Male,114.8,1.6,182,163,60,1.47,1318,Cardio,21.7,2.7,4,2,44.84,14.94,122
59,Female,65.5,1.52,161,162,61,1.4,1021,Yoga,31.2,2.1,3,2,28.35,12.15,100
21,Female,50.3,1.52,171,154,67,1.08,832,Cardio,32.2,2.6,3,1,21.77,12.84,104
46,Female,61,1.71,181,153,61,1.67,1150,Cardio,17.8,2.7,4,3,20.86,11.48,120
35,Female,44.6,1.62,196,157,65,0.56,440,HIIT,32.4,2,2,1,16.99,13.10,131
43,Female,58.2,1.61,179,124,54,1.04,580,Strength,26.4,2.6,3,2,22.45,9.29,125
51,Female,44.8,1.63,198,137,69,1.08,666,Yoga,33.8,2.1,4,2,16.86,10.28,129
27,Male,87.5,1.63,183,135,74,1.75,1299,Strength,12.9,3.5,5,3,32.93,12.37,109
53,Male,51.8,1.74,179,127,61,1.23,773,Strength,21.3,3.7,3,2,17.11,10.47,118
31,Female,64.4,1.7,160,144,70,1.97,1418,Strength,17.3,2.7,5,3,22.28,12.00,90
48,Female,67.1,1.61,160,151,74,0.62,421,Cardio,33.4,1.5,2,1,25.89,11.32,86
32,Male,85.9,1.6,176,145,60,1.99,1587,HIIT,14.5,3.5,5,3,33.55,13.29,116
25,Female,65.4,1.77,160,141,58,0.89,627,Cardio,27.6,2.6,3,1,20.88,11.74,102
31,Female,61.1,1.76,189,150,67,1.81,1358,Yoga,18.6,2.7,4,3,19.72,12.50,122
40,Male,106.5,1.65,162,162,74,1.32,1176,HIIT,21,3.6,4,2,39.12,14.85,88
57,Female,64,1.52,170,129,52,1.73,1004,Strength,15.2,2.7,5,3,27.7,9.67,118
38,Female,61.4,1.54,183,131,69,1.47,963,HIIT,30.6,2.7,3,2,25.89,10.92,114
33,Female,40.5,1.63,181,147,66,1.07,786,Yoga,31.9,1.5,4,2,15.24,12.24,115
35,Male,70.1,1.79,185,125,63,1.08,743,Cardio,28,2.3,3,2,21.88,11.47,122
41,Male,94.1,1.62,172,139,50,1.13,777,Cardio,23.4,3.1,4,2,35.86,11.46,122
43,Male,55.5,1.82,160,124,66,1.08,663,Strength,20.1,2,3,1,16.76,10.23,94
42,Female,53.7,1.72,183,142,74,1.37,875,Cardio,29.8,1.6,3,1,18.15,10.64,109
58,Female,66.1,1.75,169,128,57,0.63,363,Cardio,25.2,1.8,2,1,21.58,9.60,112
46,Male,103.9,1.77,194,148,54,1.18,864,Yoga,20.9,2.9,2,1,33.16,12.20,140
32,Female,61.7,1.58,183,135,54,1.87,1262,HIIT,16.6,2.7,5,3,24.72,11.25,129
18,Female,52.3,1.74,187,165,58,1.2,990,Cardio,29.4,2.2,2,1,17.27,13.75,129
42,Female,59.5,1.74,195,141,52,1.78,1129,Yoga,16.4,2.7,5,3,19.65,10.57,143
24,Female,72.9,1.76,175,127,68,0.86,546,Yoga,30.8,1.5,3,1,23.53,10.58,107
26,Female,76.7,1.63,199,139,72,1.08,751,Strength,25.6,1.7,2,1,28.87,11.59,127
41,Male,72.1,1.83,175,133,58,1.13,744,Yoga,21.4,2.8,3,2,21.53,10.97,117
18,Female,54.8,1.68,176,158,71,1.27,1003,Strength,32,2.2,4,2,19.42,13.16,105
25,Male,105,1.88,174,156,67,1.34,1150,Cardio,21.4,2.3,3,2,29.71,14.30,107
41,Female,55,1.55,175,169,65,1.45,1103,Strength,31.4,2,4,2,22.89,12.68,110
28,Male,81.6,1.66,174,153,50,1.09,917,Yoga,20.5,3.5,4,2,29.61,14.02,124
34,Female,75.6,1.6,193,130,51,0.64,416,HIIT,29.1,2.7,2,1,29.53,10.83,142
25,Male,81.5,1.61,170,159,63,1.93,1688,HIIT,10.9,3.5,4,3,31.44,14.58,107
52,Female,61.5,1.69,160,152,63,1.8,1231,Cardio,15.5,2.7,4,3,21.53,11.40,97
52,Male,74,1.63,174,150,50,1.26,936,Cardio,25.7,3.7,3,2,27.85,12.38,124
50,Female,56.4,1.59,185,163,74,1.26,924,HIIT,34.3,2.6,3,1,22.31,12.22,111
22,Male,102.6,1.84,163,153,65,1.25,1052,Strength,20.5,2.7,3,2,30.3,14.03,98
59,Female,54.6,1.57,164,169,64,0.58,441,Cardio,29.2,2.3,3,1,22.15,12.67,100
56,Male,129,1.78,194,126,64,1.29,805,Yoga,27.1,2.7,2,1,40.71,10.40,130
58,Male,103.5,1.66,172,168,61,1.33,1106,Cardio,24.6,3.1,3,1,37.56,13.86,111
45,Female,59.4,1.51,169,142,65,1.15,735,Strength,33.1,1.9,4,2,26.05,10.65,104
24,Female,60.1,1.79,170,165,63,1.97,1625,Cardio,15.9,2.7,4,3,18.76,13.75,107
26,Male,77.7,1.62,177,126,73,1.16,804,Yoga,29.6,3,3,2,29.61,11.55,104
25,Female,41.2,1.62,193,144,64,1.49,1073,Yoga,28.9,2.1,4,2,15.7,12.00,129
29,Male,58.6,1.61,198,122,72,1.2,805,Yoga,23.4,2,3,2,22.61,11.18,126
51,Male,109.3,1.78,182,157,64,0.54,420,Strength,28.7,3.3,3,1,34.5,12.96,118
50,Male,69.6,1.96,166,139,68,0.97,667,Strength,25.6,2,3,1,18.12,11.46,98
40,Female,56.2,1.79,198,153,57,1.79,1369,Yoga,17.6,2.7,5,3,17.54,12.75,141
41,Male,71.7,1.96,162,168,51,0.51,424,Yoga,27.3,2.5,2,1,18.66,13.86,111
54,Male,86,1.93,171,163,51,1.74,1404,Strength,12.9,3.5,5,3,23.09,13.45,120
52,Female,79.4,1.59,166,163,59,1.39,1020,Strength,26.6,1.5,3,2,31.41,12.23,107
57,Female,78.4,1.62,185,149,52,1.01,677,Strength,31.7,2,4,2,29.87,11.17,133
39,Female,55.4,1.6,192,136,72,1.44,979,HIIT,26.3,1.6,3,2,21.64,11.33,120
44,Female,61.7,1.55,196,129,66,1.41,819,Strength,33.1,2.6,4,2,25.68,9.68,130
52,Male,85.5,1.82,174,154,57,1.78,1357,Yoga,14.9,3.5,4,3,25.81,12.71,117
18,Male,87.6,1.93,161,139,72,1.72,1315,HIIT,11.9,3.5,4,3,23.52,12.74,89
52,Male,82.4,1.72,166,137,53,1.01,685,Strength,24.4,2.7,4,2,27.85,11.30,113
54,Male,67,1.68,191,164,63,0.55,446,Yoga,20.5,2.8,3,1,23.74,13.52,128
31,Female,42.3,1.6,163,163,70,1.09,888,Cardio,25.1,1.9,3,2,16.52,13.58,93
20,Male,82.7,1.99,179,146,59,1.69,1357,HIIT,14.6,3.5,5,3,20.88,13.38,120
18,Male,92.4,1.74,195,168,50,1.41,1303,Yoga,21.3,3.1,2,1,30.52,15.40,145
22,Female,63.2,1.54,191,155,53,1.02,790,Cardio,29.5,2.4,4,2,26.65,12.91,138
43,Male,82.7,1.85,187,142,50,1.22,858,Yoga,28.2,3.1,4,2,24.16,11.72,137
31,Male,86.6,1.76,172,151,66,1.29,1071,Strength,28.9,3.3,3,2,27.96,13.84,106
56,Male,129.5,1.95,160,129,66,1,639,Strength,25.2,3.5,2,1,34.06,10.65,94
44,Male,98,1.83,194,130,56,1.28,824,Cardio,25.7,3.5,4,2,29.26,10.73,138
26,Male,86.2,1.68,189,157,72,1.97,1701,Strength,13.3,3.5,5,3,30.54,14.39,117
32,Male,78.6,1.62,195,125,69,1.28,880,Yoga,29.6,3.1,3,1,29.95,11.46,126
32,Female,59,1.66,184,160,64,0.51,408,Cardio,31,1.8,2,1,21.41,13.33,120
43,Female,57.3,1.79,175,166,62,1.98,1479,Yoga,17.8,2.7,4,3,17.88,12.45,113
59,Male,122.3,1.89,178,153,51,0.66,500,Yoga,20.1,3.1,3,1,34.24,12.63,127
30,Male,85.3,1.95,160,155,68,1.61,1373,Yoga,10.4,3.5,5,3,22.43,14.21,92
49,Female,45.2,1.74,164,156,73,1.24,870,Strength,30.8,2.1,3,2,14.93,11.69,91
56,Male,55.6,1.92,181,136,62,0.68,458,Strength,29.4,3.2,3,1,15.08,11.23,119
49,Male,82.8,1.95,183,159,73,1.91,1503,Yoga,14.3,3.5,5,3,21.78,13.12,110
21,Male,125.2,1.66,196,159,60,1.38,1207,HIIT,29.8,3.4,3,2,45.43,14.58,136
47,Female,58.5,1.79,195,131,71,1.42,837,Yoga,30.3,2.4,4,2,18.26,9.82,124
54,Male,86.1,1.95,195,140,64,1.17,811,Yoga,27.9,3.4,2,1,22.64,11.55,131
40,Female,63.5,1.61,163,159,59,1.31,1041,Cardio,33.4,1.6,3,2,24.5,13.24,104
56,Male,69.3,1.68,195,138,58,0.66,451,Yoga,26.5,2.1,2,1,24.55,11.39,137
32,Female,70.5,1.62,177,122,58,1.24,756,Strength,28.4,1.8,2,1,26.86,10.16,119
46,Female,60.1,1.65,175,137,69,1.69,1042,Cardio,17.3,2.7,4,3,22.08,10.28,106
53,Male,94.1,1.95,177,138,50,0.89,608,HIIT,28.6,3.5,3,1,24.75,11.39,127
30,Female,79.2,1.62,181,166,66,1.26,1046,Cardio,28,2.5,4,2,30.18,13.84,115
49,Male,115.3,1.91,161,125,61,1.38,854,HIIT,29.2,3.2,2,1,31.61,10.31,100
24,Female,62.9,1.79,180,135,59,1.42,958,Cardio,27.3,2.3,4,2,19.63,11.24,121
39,Male,62,1.64,195,127,54,0.97,678,Cardio,27.5,3.2,3,1,23.05,11.65,141
45,Male,88.5,1.78,198,167,67,1.53,1265,HIIT,13.2,3.5,4,3,27.93,13.78,131
19,Female,73.9,1.77,198,137,64,1.28,877,Strength,32.5,2.6,3,2,23.59,11.42,134
59,Male,50.3,1.95,188,167,55,1.07,885,Strength,24.4,3.4,3,1,13.23,13.79,133
23,Male,83.1,1.8,185,162,56,0.7,624,Strength,29.3,3.1,3,1,25.65,14.86,129
45,Female,65.1,1.78,180,158,66,1.46,1038,Cardio,31.3,2.3,3,1,20.55,11.85,114
45,Male,46.6,1.79,176,168,55,1.46,1214,Yoga,22.9,2.4,3,2,14.54,13.86,121
37,Male,103.5,1.89,175,168,57,0.54,499,Cardio,26.4,3.1,2,1,28.97,15.40,118
47,Female,61.9,1.54,190,131,61,1.95,1150,Yoga,16.4,2.7,4,3,26.1,9.83,129
28,Female,52,1.61,168,164,70,1.32,1082,Yoga,27.9,2,3,2,20.06,13.66,98
45,Male,113.4,1.71,190,129,63,0.83,530,Strength,24,2.3,2,1,38.78,10.64,127
42,Male,62.9,1.98,173,126,61,1.42,886,Yoga,28.5,3.4,4,2,16.04,10.40,112
56,Female,40.4,1.8,196,165,72,1.23,913,Cardio,30,2.1,4,2,12.47,12.37,124
50,Female,67.1,1.75,161,120,59,0.67,362,Cardio,31.8,2.7,3,1,21.91,9.00,102
18,Male,70,1.61,173,168,71,1.3,1201,Strength,23.9,2.5,2,1,27.01,15.40,102
44,Female,69.5,1.75,192,155,69,1.02,711,HIIT,27.6,2.1,3,1,22.69,11.62,123
30,Male,107.9,1.66,194,140,64,1.08,832,Cardio,29.5,2.8,3,2,39.16,12.84,130
58,Male,109,1.91,198,156,56,1.49,1151,Yoga,26,2.2,3,2,29.88,12.87,142
20,Male,101,1.91,179,143,58,1.36,1070,Cardio,29.3,2.7,3,2,27.69,13.11,121
56,Male,88.5,1.85,161,144,59,1.57,1119,Cardio,11,3.5,4,3,25.86,11.88,102
23,Male,80.9,1.8,178,126,59,1.55,1074,Cardio,10.7,3.5,4,3,24.97,11.55,119
25,Female,43.1,1.62,196,161,65,1.04,837,HIIT,33.6,1.8,4,2,16.42,13.41,131
44,Female,59.1,1.52,177,136,56,1.58,967,Yoga,18.4,2.7,5,3,25.58,10.20,121
26,Female,54,1.53,175,148,54,1.14,844,Strength,26.9,1.7,3,1,23.07,12.34,121
54,Female,72.3,1.78,163,149,72,1.27,852,Cardio,27.7,1.8,2,1,22.82,11.18,91
50,Male,51.1,1.98,171,126,52,0.92,574,Yoga,28,2.4,2,1,13.03,10.40,119
59,Male,89.4,1.72,188,152,67,1.08,813,Yoga,24.5,3.2,3,1,30.22,12.55,121
41,Male,51.5,1.8,166,126,60,1.09,680,Strength,26.7,2.1,4,2,15.9,10.40,106
32,Male,87.9,1.88,173,143,64,1.52,1195,Cardio,11.6,3.5,5,3,24.87,13.10,109
49,Female,42,1.52,171,130,70,1.1,644,HIIT,28.8,2.2,3,1,18.18,9.76,101
49,Male,79.2,1.72,194,128,69,1.46,925,Yoga,29.9,3.3,3,1,26.77,10.56,125
41,Male,64.8,1.71,164,131,54,1.2,778,Strength,22.5,2.8,3,2,22.16,10.81,110
58,Female,63,1.78,176,154,73,1.58,1095,HIIT,17.5,2.7,4,3,19.88,11.55,103
29,Female,56.2,1.77,191,123,61,0.68,418,Yoga,33.4,2.6,3,1,17.94,10.25,130
56,Female,52.9,1.64,169,155,53,1.1,767,Cardio,27.4,2.3,3,2,19.67,11.62,116
19,Female,49,1.69,176,147,64,1.05,772,Yoga,29.2,2.4,3,1,17.16,12.25,112
20,Male,128.2,1.84,164,132,58,0.83,603,HIIT,26.2,2.3,3,1,37.87,12.11,106
54,Male,83.6,1.86,168,142,56,1.54,1082,HIIT,12.4,3.5,5,3,24.16,11.71,112
34,Female,56.2,1.77,192,138,59,1.81,1249,Cardio,17.3,2.7,5,3,17.94,11.50,133
19,Male,87.8,1.78,195,161,72,1.28,1133,Cardio,23.6,3.3,2,1,27.71,14.75,123
19,Male,85.9,1.85,195,156,62,1.66,1424,Strength,12.9,3.5,4,3,25.1,14.30,133
45,Male,51.1,1.87,177,158,57,1.44,1126,Cardio,26.2,3.4,4,2,14.61,13.03,120
40,Female,57.4,1.71,168,143,61,1.87,1337,Strength,18.3,2.7,5,3,19.63,11.92,107
54,Male,114.9,1.92,188,135,71,1.2,802,HIIT,20.7,2.6,4,2,31.17,11.14,117
49,Female,62.1,1.66,173,152,73,1.37,937,HIIT,31.3,1.8,3,2,22.54,11.40,100
50,Male,57.1,1.91,184,131,68,1.09,707,Yoga,29.5,2.7,4,2,15.65,10.81,116
18,Male,68.1,1.8,174,153,50,1.1,926,Yoga,25.4,3.3,4,2,21.02,14.03,124
36,Male,69.2,1.65,165,126,65,1.23,852,Strength,27.2,2.7,3,1,25.42,11.54,100
19,Female,65.2,1.52,188,130,71,1.23,800,Cardio,30.6,2.4,3,1,28.22,10.84,117
43,Male,108.6,1.73,174,150,66,1.33,988,Cardio,28.5,2.2,2,1,36.29,12.38,108
49,Female,40,1.65,188,148,74,1.03,686,Yoga,34.3,2.5,3,2,14.69,11.10,114
23,Female,41.9,1.58,163,132,67,0.56,370,HIIT,26.8,1.8,3,1,16.78,11.01,96
49,Female,68.3,1.52,177,150,60,1.45,979,Strength,29.4,1.8,4,2,29.56,11.25,117
21,Male,88.4,1.6,198,121,67,1.71,1138,HIIT,12,3.5,4,3,34.53,11.09,131
28,Male,66,1.9,175,158,56,1.18,1025,HIIT,24.1,3,3,1,18.28,14.48,119
34,Male,71.9,1.64,170,134,67,1.26,929,Cardio,21.3,2.1,4,2,26.73,12.29,103
55,Male,75.6,1.71,173,130,57,1.03,663,Strength,28.1,2,4,2,25.85,10.73,116
41,Female,63.4,1.59,162,153,55,1.84,1267,HIIT,15.2,2.7,5,3,25.08,11.48,107
22,Female,71.6,1.77,197,158,56,1.49,1177,Yoga,30.3,1.8,3,1,22.85,13.17,141
51,Female,57.4,1.77,177,123,72,1.08,598,Yoga,31.6,2.1,4,2,18.32,9.23,105
23,Male,83.8,1.99,179,130,71,1.79,1280,Cardio,11,3.5,4,3,21.16,11.92,108
39,Female,55.9,1.71,184,148,59,1.95,1443,Yoga,19.5,2.7,5,3,19.12,12.33,125
28,Male,87,1.76,197,121,60,1.2,799,Yoga,28.4,3.5,3,2,28.09,11.10,137
33,Female,65.3,1.71,172,135,74,1.18,796,HIIT,29.7,2.5,4,2,22.33,11.24,98
50,Male,45.4,1.67,163,158,62,1.37,1071,Yoga,24.1,2.8,4,2,16.28,13.03,101
26,Male,87.1,1.87,173,132,58,1.71,1241,Yoga,11.2,3.5,4,3,24.91,12.10,115
23,Female,78.6,1.73,192,156,56,1.47,1147,HIIT,32.3,1.5,4,2,26.26,13.00,136
33,Female,78,1.71,187,136,58,1.08,734,Cardio,26.3,2.1,3,1,26.67,11.33,129
46,Female,58,1.53,196,140,62,1.83,1153,Cardio,18.4,2.7,4,3,24.78,10.50,134
20,Female,71.3,1.69,167,163,52,1.28,1043,Strength,33.4,2.3,3,2,24.96,13.58,115
37,Male,49.1,1.74,193,138,52,1.11,842,Yoga,22.3,2.6,3,2,16.22,12.64,141
53,Female,78.3,1.65,164,126,50,1.24,703,HIIT,33.7,1.6,3,1,28.76,9.45,114
36,Female,57.3,1.64,164,157,70,1.13,887,Strength,25.3,1.8,4,2,21.3,13.08,94
43,Female,48.4,1.61,190,127,69,1.28,732,Cardio,34.1,2.4,2,1,18.67,9.53,121
20,Male,76.4,1.62,168,132,51,1.35,980,Cardio,21.2,2.6,4,2,29.11,12.10,117
36,Male,110.2,1.77,191,156,74,1.19,1021,HIIT,26.5,3.4,2,1,35.18,14.30,117
37,Female,72.9,1.76,192,121,52,1.21,732,Strength,27.5,1.9,3,2,23.53,10.08,140
49,Male,82.1,1.86,162,160,64,1.87,1481,Strength,14.2,3.5,4,3,23.73,13.20,98
24,Female,58.9,1.76,189,130,73,0.63,410,HIIT,30.1,1.7,3,1,19.01,10.85,116
58,Male,82.2,1.87,171,143,55,1.57,1111,HIIT,10.7,3.5,4,3,23.51,11.79,116
50,Male,96.7,1.72,188,125,62,1.46,903,Strength,25.7,2.7,3,2,32.69,10.31,126
57,Male,81.4,1.86,162,145,70,1.8,1292,Cardio,12,3.5,5,3,23.53,11.96,92
56,Male,107.8,1.73,185,126,50,1.09,680,Yoga,26.6,2.8,3,2,36.02,10.40,135
35,Female,65.8,1.62,189,158,69,1,790,Cardio,33.8,1.5,4,2,25.07,13.17,120
57,Female,68.5,1.56,168,138,68,1.45,900,HIIT,29.1,1.6,4,2,28.15,10.34,100
18,Female,63.9,1.59,185,125,50,1.87,1169,Strength,16.4,2.7,4,3,25.28,10.42,135
28,Male,76.3,1.62,161,162,70,1.16,1034,Strength,20.1,2.3,3,2,29.07,14.86,91
45,Female,44.5,1.65,162,148,71,1.44,959,Yoga,30.7,1.6,3,1,16.35,11.10,91
42,Female,50.7,1.75,163,162,51,1.29,940,Strength,29,1.9,3,2,16.56,12.14,112
40,Female,55.1,1.61,184,158,64,1.55,1224,Yoga,16.9,2.7,4,3,21.26,13.16,120
48,Male,73.7,1.61,172,121,63,1.36,815,Cardio,21.8,3.6,4,2,28.43,9.99,109
47,Male,55.6,1.77,198,138,68,1.2,820,Cardio,24.3,2.9,4,2,17.75,11.39,130
59,Male,86.9,1.76,194,123,60,1.13,688,Strength,29.8,3.1,3,2,28.05,10.15,134
52,Female,60.3,1.68,182,125,64,1.6,900,Strength,16.5,2.7,4,3,21.36,9.38,118
24,Female,40.4,1.64,168,168,55,0.99,832,HIIT,31,1.9,2,1,15.02,14.01,113
33,Female,78.5,1.66,161,156,69,1.29,1006,HIIT,32.8,1.9,4,2,28.49,13.00,92
43,Male,102.6,1.72,190,147,58,0.82,597,Strength,27.5,2,2,1,34.68,12.13,132
19,Male,110.8,1.91,161,149,54,1.31,1074,Strength,23.3,2.9,2,1,30.37,13.66,107
18,Female,60.9,1.79,191,126,69,1.11,699,Cardio,31.1,2.1,2,1,19.01,10.50,122
29,Male,55.7,1.61,177,128,51,1.41,993,Strength,28.7,2.3,3,1,21.49,11.74,126
22,Male,110.5,1.92,172,144,55,1.16,919,HIIT,20.2,3.3,3,2,29.98,13.20,117
54,Male,55.2,1.71,164,152,67,0.77,579,Cardio,24.4,2.8,2,1,18.88,12.53,97
49,Male,46.5,1.72,169,120,72,1.4,832,Yoga,22.2,2.6,4,2,15.72,9.90,97
26,Female,70.9,1.66,184,125,68,0.81,506,HIIT,28.9,1.7,3,1,25.73,10.41,116
58,Male,74.6,1.75,193,137,58,1.09,739,HIIT,24.2,2.9,2,1,24.36,11.30,135
52,Male,45.1,1.72,196,129,70,0.93,594,Cardio,27.5,3.3,2,1,15.24,10.65,126
36,Male,99.9,1.99,189,147,73,1.33,1075,Yoga,20.9,2.5,3,1,25.23,13.47,116
33,Male,117,1.61,166,130,55,1.04,744,HIIT,25.1,2.4,3,2,45.14,11.92,111
20,Female,75.9,1.73,165,152,63,1.39,1056,Strength,30.6,2.1,4,2,25.36,12.66,102
37,Female,71.2,1.64,162,120,73,1.11,666,HIIT,29.9,1.7,3,2,26.47,10.00,89
41,Male,78.8,1.72,172,132,62,1.01,660,Cardio,27.3,3.1,4,2,26.64,10.89,110
50,Male,50.6,1.69,162,156,60,1.31,1012,Cardio,23.8,3,2,1,17.72,12.88,102
41,Male,82.5,1.79,185,139,61,1.69,1163,Cardio,14.7,3.5,4,3,25.75,11.47,124
28,Male,108.5,1.79,183,120,68,1.33,878,HIIT,24.8,2.1,4,2,33.86,11.00,115
25,Male,49.9,1.98,165,122,68,1.15,772,Yoga,25.7,2.1,3,2,12.73,11.19,97
53,Male,125.1,1.91,171,137,70,0.52,353,Strength,28.3,3.1,2,1,34.29,11.31,101
55,Female,79.7,1.66,195,160,68,1.06,763,Cardio,27.8,1.9,2,1,28.92,12.00,127
57,Male,126.8,1.63,161,133,73,0.96,632,Yoga,20.8,2.1,2,1,47.72,10.97,88
37,Female,54.6,1.57,170,150,62,1.31,982,Strength,32.1,2.4,3,1,22.15,12.49,108
52,Female,47.8,1.54,198,146,63,1.34,880,Cardio,29.8,1.9,3,2,20.16,10.95,135
42,Male,97.9,1.91,193,136,73,1.01,680,Strength,29,2.8,3,2,26.84,11.22,120
52,Female,63.1,1.54,185,165,67,1.36,1010,Strength,34.8,1.8,3,2,26.61,12.38,118
42,Female,72.4,1.69,177,148,61,1.07,713,Yoga,29,2.3,3,2,25.35,11.11,116
46,Female,58.9,1.7,180,155,53,1.52,1060,Strength,17.1,2.7,4,3,20.38,11.62,127
35,Female,50.4,1.6,195,156,59,1.03,803,Cardio,29.1,1.9,4,2,19.69,12.99,136
35,Female,64.2,1.59,199,145,66,1.63,1182,Yoga,16.6,2.7,5,3,25.39,12.09,133
19,Female,58.8,1.77,181,136,53,1.4,952,HIIT,32.8,2.7,2,1,18.77,11.33,128
52,Male,105.2,1.62,189,141,61,1.36,949,HIIT,27.6,3.2,3,1,40.09,11.63,128
33,Female,45.9,1.5,189,144,62,0.92,662,Yoga,29.8,1.7,3,1,20.4,11.99,127
58,Female,65.2,1.63,167,121,53,1.12,610,HIIT,25.4,2,3,2,24.54,9.08,114
53,Female,56.3,1.79,193,141,59,1.52,964,Strength,16.5,2.7,5,3,17.57,10.57,134
50,Male,90,1.7,168,124,74,0.81,497,Cardio,22.9,2.7,2,1,31.14,10.23,94
21,Female,60,1.7,179,123,52,1.97,1212,Strength,19.1,2.7,5,3,20.76,10.25,127
50,Male,51.5,1.71,199,155,64,1.48,1136,Yoga,20.9,2.9,2,1,17.61,12.79,135
31,Female,63.1,1.64,184,125,51,1.54,962,Cardio,19,2.7,4,3,23.46,10.41,133
38,Male,91.5,1.77,178,140,74,0.8,616,Yoga,26.7,3.4,2,1,29.21,12.83,104
37,Male,48.7,1.67,164,132,74,1.39,1009,Yoga,27.3,3,2,1,17.46,12.10,90
25,Female,57.8,1.56,170,156,66,1.35,1053,Yoga,29.3,1.6,3,2,23.75,13.00,104
24,Female,42,1.75,174,144,55,0.83,598,Strength,31.8,2.3,3,1,13.71,12.01,119
20,Male,128.4,1.92,167,145,57,0.63,502,Cardio,26.1,2,2,1,34.83,13.28,110
34,Female,74.2,1.57,178,158,52,1.47,1161,Cardio,32.7,2.4,3,1,30.1,13.16,126
50,Male,89.6,1.68,182,139,74,1.79,1232,Cardio,12.2,3.5,5,3,31.75,11.47,108
29,Male,125.9,2,186,152,67,1.36,1137,Strength,24.7,3.1,4,2,31.48,13.93,119
39,Male,105.5,1.99,199,133,71,0.81,593,HIIT,26.4,2.5,2,1,26.64,12.20,128
39,Male,93.4,1.7,191,155,50,1.1,938,Strength,21.1,2.5,4,2,32.32,14.21,141
47,Male,82.1,1.84,185,136,65,1.37,922,Strength,24.4,3.4,4,2,24.25,11.22,120
55,Female,42.9,1.69,186,140,56,0.9,567,Yoga,34.7,2.4,2,1,15.02,10.50,130
55,Male,128.4,1.68,178,165,52,1.13,923,Cardio,20.4,2.6,4,2,45.49,13.61,126
25,Male,112.4,1.96,188,135,72,1.42,1054,Cardio,23.2,2.5,2,1,29.26,12.37,116
44,Female,77.7,1.79,198,165,53,1.41,1047,HIIT,28.1,2.2,3,1,24.25,12.38,145
44,Male,89.3,1.99,192,135,58,1.4,936,HIIT,26.3,2,4,2,22.55,11.14,134
51,Female,70.3,1.55,178,139,54,1.4,876,Yoga,26.1,1.6,3,1,29.26,10.43,124
38,Female,59.1,1.72,196,148,68,1.07,792,Cardio,31.3,1.7,3,2,19.98,12.34,128
47,Female,49.9,1.69,178,147,64,1.48,979,HIIT,26,1.7,3,2,17.47,11.02,114
50,Male,101.7,1.67,192,127,57,0.53,333,HIIT,20.9,2.9,2,1,36.47,10.47,135
45,Male,93,1.91,175,143,55,1.03,729,Cardio,27.3,3.7,3,2,25.49,11.80,120
50,Male,87.4,1.6,182,122,67,0.77,465,Strength,23.2,3.1,2,1,34.14,10.06,115
22,Female,55.1,1.61,166,144,68,1.62,1166,HIIT,19.9,2.7,4,3,21.26,12.00,98
36,Male,123.7,1.69,185,138,73,1.3,987,Cardio,20.4,2.1,4,2,43.31,12.65,112
21,Female,61.3,1.57,191,152,64,1.94,1474,HIIT,17.2,2.7,4,3,24.87,12.66,127
52,Male,72.3,1.94,171,121,56,1.46,874,Yoga,21.1,2.9,3,2,19.21,9.98,115
34,Female,69.2,1.53,167,134,59,1.36,911,HIIT,28.5,2.1,2,1,29.56,11.16,108
45,Male,81.4,1.61,164,141,55,1.14,796,Cardio,30,2.2,4,2,31.4,11.64,109
47,Male,84.8,1.86,187,129,63,1.85,1181,HIIT,14.4,3.5,5,3,24.51,10.64,124
46,Male,55.1,1.72,164,137,66,1.43,970,Yoga,20.5,3.6,3,2,18.62,11.31,98
23,Female,59,1.78,185,141,58,1.67,1177,Yoga,17.8,2.7,5,3,18.62,11.75,127
52,Female,64.9,1.51,164,165,68,1.83,1359,HIIT,18.2,2.7,4,3,28.46,12.38,96
58,Male,109.7,1.75,181,168,54,1.01,840,HIIT,22.1,2.7,2,1,35.82,13.86,127
54,Male,78.4,1.9,174,146,72,0.81,585,Yoga,21.5,3.7,2,1,21.72,12.04,102
41,Female,76.7,1.79,172,132,56,1.4,832,Yoga,34,2,4,2,23.94,9.90,116
46,Female,63.1,1.61,187,152,68,1,684,Strength,34.7,2.2,4,2,24.34,11.40,119
48,Female,62.9,1.58,192,124,69,1.98,1105,Strength,20,2.7,4,3,25.2,9.30,123
52,Male,85.6,1.74,182,145,56,1.84,1321,Yoga,13.9,3.5,4,3,28.27,11.97,126
50,Female,66.3,1.57,192,132,73,1.25,742,HIIT,31.6,1.6,2,1,26.9,9.89,119
38,Male,61.3,1.97,177,146,51,1.37,1100,Cardio,23.5,2.8,3,1,15.8,13.38,126
49,Female,44.1,1.65,189,133,74,1.16,694,HIIT,26.7,1.8,4,2,16.2,9.97,115
40,Male,63.8,1.62,185,143,72,1.3,1022,HIIT,20.8,3.4,2,1,24.31,13.10,113
50,Female,55.4,1.55,175,122,65,1.85,1016,Strength,18.5,2.7,4,3,23.06,9.15,110
20,Female,74.7,1.58,172,166,62,1.04,863,Strength,32.8,2.4,3,2,29.92,13.83,110
35,Female,78,1.67,198,168,57,1.13,949,Strength,33.3,2.5,4,2,27.97,14.00,141
42,Female,57.5,1.67,192,149,55,1.14,764,Yoga,34.1,2.4,2,1,20.62,11.17,137
59,Female,60.7,1.73,185,154,55,1.03,714,Yoga,33.8,2.5,3,2,20.28,11.55,130
48,Male,69,1.74,160,167,58,1.48,1223,HIIT,30,2.3,3,2,22.79,13.77,102
20,Female,75.8,1.78,197,133,53,1.42,944,HIIT,27.4,2,4,2,23.92,11.08,144
57,Female,75.7,1.63,161,131,60,0.69,407,Cardio,32.6,2.3,3,1,28.49,9.83,101
41,Female,71.2,1.64,165,147,54,1.42,939,HIIT,30.9,2.3,3,2,26.47,11.02,111
49,Male,85,1.68,197,163,74,1.82,1468,HIIT,11.3,3.5,4,3,30.12,13.44,123
39,Female,63.6,1.56,183,148,66,1.22,903,Strength,34.8,2.4,2,1,26.13,12.34,117
40,Male,73.2,1.94,177,162,69,0.81,722,Strength,29,2.4,2,1,19.45,14.86,108
19,Female,48.3,1.52,186,136,56,0.96,653,Strength,26.3,1.6,2,1,20.91,11.34,130
44,Female,42.8,1.78,167,159,64,1.49,1066,Strength,25.3,2.6,3,2,13.51,11.92,103
59,Male,88.1,1.76,187,168,74,1.35,1123,Strength,26.9,3,3,2,28.44,13.86,113
19,Female,72.4,1.75,169,140,64,1.2,840,Cardio,31,1.7,4,2,23.64,11.67,105
43,Male,73.2,1.88,176,142,63,1.17,822,Cardio,29.4,3.3,3,1,20.71,11.71,113
34,Male,110.5,1.86,188,139,62,1.42,1086,Cardio,22.3,3.6,2,1,31.94,12.75,126
57,Female,46.1,1.76,165,130,60,1.44,842,Strength,25.8,1.7,3,2,14.88,9.75,105
50,Male,90.8,1.71,173,153,62,1.07,810,Yoga,22.6,3.4,4,2,31.05,12.62,111
26,Female,59.3,1.51,181,129,71,1.7,1096,Strength,15.1,2.7,5,3,26.01,10.75,110
56,Female,45.1,1.73,165,129,73,0.83,482,Strength,25.4,2.6,3,1,15.07,9.68,92
46,Male,45,1.77,185,162,58,1.48,1187,Cardio,29.1,3.6,3,2,14.36,13.37,127
59,Male,89.4,1.62,198,125,59,1.43,885,Strength,23.5,3.6,3,2,34.06,10.31,139
43,Male,127.7,1.69,171,155,53,1.14,875,Cardio,24.1,2.9,3,2,44.71,12.79,118
52,Male,70.9,1.72,194,143,66,1.31,927,Strength,20.2,2.6,3,2,23.97,11.79,128
42,Female,49.2,1.5,173,131,63,1.15,678,HIIT,27.7,1.5,3,2,21.87,9.83,110
41,Female,62.3,1.79,181,162,73,1.99,1451,Yoga,19,2.7,5,3,19.44,12.15,108
30,Male,64.1,1.87,182,142,67,0.64,500,Yoga,26.2,2.1,2,1,18.33,13.02,115
24,Female,69.7,1.75,166,146,60,1.41,1029,Cardio,32.5,2,3,1,22.76,12.16,106
53,Female,56.9,1.59,199,164,65,1.49,1100,HIIT,29.5,2,3,2,22.51,12.30,134
37,Female,53,1.71,184,156,50,1.13,881,Yoga,28.1,1.7,4,2,18.13,12.99,134
18,Female,72.7,1.55,172,125,56,0.84,525,Cardio,29.8,2,3,1,30.26,10.42,116
25,Male,76.5,1.96,180,120,59,0.67,442,Strength,23.2,2.3,3,1,19.91,11.00,121
33,Male,113.6,1.99,169,125,58,1.38,949,Strength,28.4,3.4,2,1,28.69,11.46,111
31,Female,62.5,1.62,168,169,74,1.56,1318,HIIT,16.5,2.7,4,3,23.81,14.08,94
29,Male,95.2,1.86,174,141,52,0.64,496,Yoga,26.6,2.5,2,1,27.52,12.92,122
40,Male,51.7,1.82,161,160,71,0.9,792,Strength,21.4,3,3,1,15.61,14.67,90
32,Male,105.3,1.67,184,143,72,0.57,448,Cardio,26.9,2.9,3,1,37.76,13.10,112
45,Female,71.2,1.68,172,144,63,1.37,888,Strength,34.1,1.6,3,1,25.23,10.80,109
51,Female,78.1,1.51,193,134,74,0.92,555,Strength,31.1,2.6,3,1,34.25,10.05,119
19,Female,50.6,1.68,193,145,64,1.21,877,Yoga,30.6,2.1,3,2,17.93,12.08,129
49,Male,70.2,1.89,194,127,51,0.7,440,Yoga,29.6,2.6,3,1,19.65,10.48,143
40,Female,62.6,1.53,197,143,73,1.93,1380,Cardio,18.1,2.7,5,3,26.74,11.92,124
39,Female,60.6,1.65,162,167,63,0.92,768,HIIT,27.6,1.7,3,1,22.26,13.91,99
42,Male,76.4,1.97,165,157,65,1.14,886,HIIT,22.9,2.6,3,2,19.69,12.95,100
39,Female,63.3,1.71,178,125,56,1.88,1175,Strength,18.5,2.7,4,3,21.65,10.42,122
39,Female,68.6,1.64,162,154,53,1.33,1024,Cardio,32.4,1.5,3,2,25.51,12.83,109
59,Male,123.3,1.88,177,161,67,1.3,1036,HIIT,23,2.6,4,2,34.89,13.28,110
23,Male,107,1.94,198,120,73,1.35,891,HIIT,23.5,2.9,2,1,28.43,11.00,125
32,Male,68.3,1.92,168,165,54,1.42,1289,Strength,29.9,3.5,2,1,18.53,15.13,114
54,Female,47.8,1.6,171,155,55,1.19,830,Cardio,26,2.3,4,2,18.67,11.62,116
50,Female,58.4,1.79,164,131,56,1.6,943,HIIT,17,2.7,4,3,18.23,9.82,108
25,Female,74.3,1.71,162,157,64,1.43,1123,Yoga,25.6,1.6,3,2,25.41,13.09,98
22,Male,106.8,1.82,170,130,50,1,715,Yoga,28.2,2.3,4,2,32.24,11.92,120
56,Male,125.5,1.8,189,131,73,1.26,817,Strength,20.9,2.7,4,2,38.73,10.81,116
21,Female,55.2,1.55,163,161,53,1.37,1103,Strength,31.7,1.7,4,2,22.98,13.42,110
23,Female,71.4,1.72,164,169,74,1.25,1056,Strength,25.6,1.5,2,1,24.13,14.08,90
49,Male,77.7,1.61,160,158,50,1.03,806,Strength,26.7,3.4,3,2,29.98,13.04,110
47,Male,88.4,1.6,186,126,60,1.86,1160,HIIT,14.2,3.5,5,3,34.53,10.39,126
52,Male,104.8,1.99,187,130,67,0.93,598,Cardio,24,2,2,1,26.46,10.72,120
57,Male,82.2,1.69,188,155,63,1.15,882,Strength,25.2,3.4,4,2,28.78,12.78,125
33,Female,68.2,1.75,177,150,71,0.85,638,Strength,29,1.7,2,1,22.27,12.51,106
30,Male,91.4,1.99,171,152,60,1.37,1145,HIIT,23,3.7,3,2,23.08,13.93,111
59,Female,42.1,1.65,172,132,59,1.22,725,Strength,33,2.2,2,1,15.46,9.90,113
47,Female,68.7,1.76,161,137,66,1.37,845,Strength,27.7,2.4,3,2,22.18,10.28,95
36,Female,47.2,1.74,196,160,53,1.5,1200,Cardio,32.2,1.6,4,2,15.59,13.33,143
34,Male,92,1.76,175,143,73,0.73,574,Yoga,22.1,3.5,3,1,29.7,13.11,102
36,Male,56.2,1.95,183,128,64,1.09,767,Strength,22.5,3.4,4,2,14.78,11.73,119
45,Male,58.4,1.72,194,150,65,1.31,973,HIIT,23.4,3.1,4,2,19.74,12.38,129
43,Male,82.9,1.95,181,160,70,1.9,1505,Cardio,12.9,3.5,5,3,21.8,13.20,111
54,Female,66.9,1.74,195,129,62,1.24,720,HIIT,29.5,2.1,2,1,22.1,9.68,133
43,Male,66.3,1.85,170,121,58,1.18,707,Cardio,27.5,3.2,2,1,19.37,9.99,112
40,Male,93.6,1.93,188,157,60,1.38,1192,Cardio,22.1,2,3,1,25.13,14.40,128
26,Female,64.1,1.5,194,134,60,1.93,1293,Strength,15.1,2.7,5,3,28.49,11.17,134
29,Male,86.7,1.62,174,122,55,1.52,1020,Strength,13.9,3.5,4,3,33.04,11.18,119
18,Female,62,1.59,190,162,50,1.23,996,Strength,33.2,2.2,4,2,24.52,13.50,140
18,Female,58.1,1.61,175,150,71,1.9,1425,Yoga,15.3,2.7,4,3,22.41,12.50,104
51,Female,64.9,1.6,169,125,55,1.49,838,Yoga,31.1,2.5,4,2,25.35,9.37,114
49,Female,69.3,1.62,191,122,62,1.14,626,HIIT,28.8,1.9,4,2,26.41,9.15,129
42,Female,42.7,1.74,161,130,71,1.04,608,Strength,32.9,1.6,3,1,14.1,9.74,90
57,Female,51.4,1.63,183,134,73,1.2,724,Yoga,33.7,2,4,2,19.35,10.06,110
18,Female,67.4,1.6,182,164,71,0.6,492,Strength,33.5,2.4,3,1,26.33,13.67,111
33,Female,55.6,1.61,161,147,54,1.77,1301,Yoga,18.9,2.7,4,3,21.45,12.25,107
56,Male,125.3,1.86,197,129,64,1,639,Yoga,22.7,2.2,3,2,36.22,10.65,133
22,Male,102.1,1.85,190,157,67,1.48,1278,Cardio,28.1,2.4,4,2,29.83,14.39,123
39,Male,61.9,1.77,199,166,69,1.32,1205,Strength,25.3,2.3,3,1,19.76,15.21,130
46,Male,108.8,1.64,185,169,63,1.4,1171,Strength,20.5,3.4,3,1,40.45,13.94,122
20,Female,51.1,1.58,188,169,64,0.5,422,Yoga,29.6,1.6,2,1,20.47,14.07,124
29,Male,81.7,1.99,162,126,54,1.45,1005,Strength,29.4,3.2,2,1,20.63,11.55,108
43,Female,42.7,1.66,173,134,53,0.73,440,Yoga,33.9,1.9,2,1,15.5,10.05,120
33,Male,81.8,1.99,184,137,51,1.59,1198,Strength,10.5,3.5,4,3,20.66,12.56,133
54,Male,54.6,1.76,160,137,56,1.28,868,Cardio,27.4,3.3,4,2,17.63,11.30,104
39,Male,107.7,1.88,162,160,59,0.72,634,Strength,28.1,3.6,2,1,30.47,14.68,103
46,Female,56.9,1.6,185,143,65,0.88,566,Cardio,27.7,1.6,3,1,22.23,10.72,120
31,Male,78.8,1.71,177,121,59,1.49,992,HIIT,24.7,2.5,4,2,26.95,11.10,118
45,Female,48.2,1.64,168,159,67,1.25,894,Strength,32.1,2.5,4,2,17.92,11.92,101
22,Female,50.7,1.59,197,139,66,1.27,883,Strength,29.4,1.8,3,2,20.05,11.59,131
47,Male,86.6,1.99,182,153,70,1.98,1500,Strength,10.6,3.5,4,3,21.87,12.63,112
22,Male,96.3,1.63,180,162,62,1.35,1203,Cardio,27.1,2.4,4,2,36.25,14.85,118
29,Male,80.8,1.98,160,145,50,1.65,1316,Strength,14.6,3.5,5,3,20.61,13.29,110
33,Female,58,1.53,180,126,50,1.84,1159,Strength,18.3,2.7,5,3,24.78,10.50,130
43,Male,95.9,1.85,186,157,64,1.28,995,Yoga,27.7,3.4,2,1,28.02,12.96,122
43,Female,61.5,1.58,165,149,50,1.86,1247,HIIT,16.8,2.7,5,3,24.64,11.17,115
38,Female,40.6,1.79,195,161,55,0.62,499,Cardio,26.8,2.7,2,1,12.67,13.41,140
56,Male,82.5,1.87,187,124,74,1.51,927,Yoga,13.2,3.5,5,3,23.59,10.23,113
53,Male,105.1,1.84,176,130,62,0.69,444,Cardio,23.3,2.9,3,1,31.04,10.72,114
50,Female,58.1,1.58,199,120,50,1.93,1042,Yoga,19.3,2.7,5,3,23.27,9.00,149
47,Female,61,1.76,162,153,54,1.54,1060,HIIT,15.6,2.7,5,3,19.69,11.47,108
54,Female,64.5,1.53,171,120,58,1.74,940,Yoga,17.2,2.7,4,3,27.55,9.00,113
40,Male,58.2,1.98,198,138,74,1.43,1085,Cardio,24,2.5,3,2,14.85,12.65,124
27,Female,69.5,1.76,171,121,66,0.94,569,Strength,34.4,2,3,1,22.44,10.09,105
22,Male,62.2,1.84,161,140,65,0.51,393,Strength,21.5,2.3,3,1,18.37,12.84,96
53,Female,68,1.7,181,139,57,1.06,663,HIIT,25.1,2.4,4,2,23.53,10.42,124
51,Female,56.3,1.5,182,142,66,1.43,914,Cardio,27.4,2.4,3,1,25.02,10.65,116
48,Male,94.5,1.7,189,140,64,1.01,700,Cardio,28.2,3.5,3,2,32.7,11.55,125
27,Female,58,1.79,164,143,73,1.39,994,Cardio,27.1,1.5,2,1,18.1,11.92,91
36,Male,84,1.94,168,123,50,1.8,1218,HIIT,11.2,3.5,5,3,22.32,11.28,118
49,Male,61,1.87,180,131,61,1.14,739,Strength,21.3,3,4,2,17.44,10.80,119
18,Female,64.8,1.53,170,141,54,1.98,1396,Yoga,18.6,2.7,5,3,27.68,11.75,116
22,Male,45.7,1.77,164,139,73,1.04,795,HIIT,20.7,2.4,3,1,14.59,12.74,91
21,Male,80.9,1.9,194,137,55,1.8,1356,Yoga,11.7,3.5,4,3,22.41,12.56,139
33,Female,64.1,1.63,186,120,74,1.58,948,Strength,16.4,2.7,5,3,24.13,10.00,112
41,Male,67,1.77,161,149,50,1.22,900,HIIT,25.6,2.6,3,2,21.39,12.30,111
33,Male,106.5,1.6,183,152,74,1.4,1170,Strength,27.3,3.3,4,2,41.6,13.93,109
19,Male,95.1,1.85,190,143,50,1.21,952,Yoga,25.3,2.3,4,2,27.79,13.11,140
45,Female,65.5,1.57,192,133,59,0.66,395,Cardio,34.3,2.3,2,1,26.57,9.97,133
49,Male,105.7,1.64,198,155,59,1.2,921,Cardio,29.5,3.1,3,2,39.3,12.79,139
44,Female,48,1.76,189,124,52,0.88,491,Yoga,28.6,2.6,2,1,15.5,9.30,137
37,Female,69.5,1.5,196,130,66,0.69,448,Cardio,32.8,2.4,2,1,30.89,10.82,130
41,Male,66.1,1.69,187,143,68,0.77,545,Yoga,27.4,3.4,2,1,23.14,11.80,119
29,Male,68,1.7,190,150,60,0.76,627,HIIT,28.9,2.9,2,1,23.53,13.75,130
52,Male,50.3,1.78,170,132,67,0.85,555,HIIT,24.5,2.3,2,1,15.88,10.88,103
50,Female,69.3,1.68,182,135,51,1.2,729,HIIT,30.3,2,2,1,24.55,10.13,131
50,Male,86.7,1.63,161,143,58,1.7,1203,Cardio,12.1,3.5,4,3,32.63,11.79,103
54,Male,125.9,1.94,199,132,73,1.35,882,Strength,28.5,2.9,3,2,33.45,10.89,126
29,Male,88.1,1.93,186,143,66,1.88,1479,Cardio,11.1,3.5,5,3,23.65,13.11,120
20,Male,124.3,1.82,194,145,63,1.25,997,Cardio,22.4,3.2,3,2,37.53,13.29,131
18,Male,62,1.85,161,121,53,0.88,586,Strength,23.7,3,3,1,18.12,11.10,108
50,Female,69.7,1.72,198,135,66,1.24,753,Strength,27.3,2,4,2,23.56,10.12,132
57,Female,60.9,1.52,196,157,66,1.31,926,Strength,30.6,1.8,3,2,26.36,11.78,130
27,Male,76.5,1.97,180,165,61,1.13,1025,Strength,21.3,2.3,2,1,19.71,15.12,119
46,Male,94.7,1.82,164,120,69,1.47,873,Cardio,23.2,3.2,3,2,28.59,9.90,95
30,Male,67.9,1.75,180,168,67,1.25,1155,Yoga,29.1,3.1,2,1,22.17,15.40,113
29,Male,121.1,1.87,188,130,52,1.31,937,HIIT,24.1,3.2,4,2,34.63,11.92,136
48,Female,71.5,1.64,179,154,60,1.46,1012,Yoga,32.5,1.9,4,2,26.58,11.55,119
19,Male,98.6,1.7,197,162,74,0.83,740,Cardio,21.1,2.4,2,1,34.12,14.86,123
52,Female,68.2,1.63,179,148,67,1.17,779,Strength,27.5,2.4,3,1,25.67,11.10,112
40,Female,57.7,1.69,184,156,53,1.18,920,HIIT,33.1,2.4,4,2,20.2,12.99,131
34,Male,124.6,1.63,161,136,66,1.41,1055,HIIT,27.6,2.8,3,2,46.9,12.47,95
43,Female,73,1.59,191,158,67,1.31,931,Yoga,28.9,2.2,3,1,28.88,11.84,124
25,Female,59.4,1.51,185,161,54,1.62,1304,Cardio,19.8,2.7,5,3,26.05,13.42,131
46,Female,52,1.65,165,147,63,0.7,463,Cardio,34.1,1.9,2,1,19.1,11.02,102
43,Female,42.2,1.65,162,148,59,1.33,886,Cardio,34.6,2.3,3,2,15.5,11.10,103
27,Male,89.3,1.64,192,162,64,1.82,1622,HIIT,12.1,3.5,4,3,33.2,14.85,128
43,Male,110,1.76,160,122,50,1.09,658,Yoga,22,3.4,3,1,35.51,10.06,110
51,Female,66.2,1.58,164,129,65,0.86,499,HIIT,31.3,2.3,3,1,26.52,9.67,99
58,Male,58.6,1.66,172,161,60,1.21,964,HIIT,26.8,2.9,2,1,21.27,13.28,112
24,Male,51,1.67,178,133,72,0.97,710,Strength,21.3,2.8,3,1,18.29,12.20,106
21,Male,101.5,1.95,171,131,69,0.97,699,Yoga,27.9,3.1,3,1,26.69,12.01,102
28,Male,114.2,1.87,184,166,55,1.05,959,Strength,20.2,3.2,3,2,32.66,15.22,129
46,Male,54.4,1.72,194,161,73,0.91,725,Cardio,24.8,2.9,2,1,18.39,13.28,121
53,Female,52.4,1.57,171,149,71,1.34,898,HIIT,28.3,2.2,3,2,21.26,11.17,100
42,Male,85.2,1.81,189,151,65,1.54,1151,Yoga,13.7,3.5,5,3,26.01,12.46,124
38,Male,83.6,1.74,164,151,51,1.66,1379,Cardio,11.6,3.5,5,3,27.61,13.85,113
53,Male,115.4,1.92,193,161,50,1.36,1084,Yoga,28.3,2.2,4,2,31.3,13.28,143
27,Male,71.2,1.97,181,151,73,0.74,615,HIIT,25.9,3.6,3,1,18.35,13.85,108
54,Female,78.1,1.6,198,145,73,1.1,718,Yoga,32.9,2.4,4,2,30.51,10.88,125
26,Female,54.2,1.65,172,120,58,1.07,642,Cardio,34.9,1.9,4,2,19.91,10.00,114
41,Female,77.6,1.76,162,161,71,1.27,920,Strength,31.8,2.2,4,2,25.05,12.07,91
52,Female,44.1,1.62,179,121,61,1.41,768,HIIT,34.8,1.6,3,1,16.8,9.08,118
52,Male,85.5,1.8,190,136,66,1.7,1144,Strength,10.1,3.5,5,3,26.39,11.22,124
53,Female,47.8,1.76,164,149,74,1.06,711,HIIT,28.4,1.5,4,2,15.43,11.18,90
35,Male,102.5,1.94,183,158,64,0.84,730,Cardio,21.1,2.4,2,1,27.23,14.48,119
56,Male,118,1.9,199,126,68,0.66,412,HIIT,22.6,3.2,2,1,32.69,10.40,131
49,Male,82.3,1.84,192,146,71,1.29,932,Strength,28.4,3.4,4,2,24.31,12.04,121
41,Male,81.6,1.87,167,128,59,1.87,1185,HIIT,10.2,3.5,5,3,23.33,10.56,108
40,Male,60.2,1.88,183,141,61,1.22,946,Cardio,25.2,3,3,2,17.03,12.92,122
49,Female,49.2,1.54,179,153,63,1.28,881,HIIT,30.7,2.1,3,2,20.75,11.47,116
54,Female,46.6,1.5,175,165,58,1.38,1025,Strength,30.6,2,2,1,20.71,12.38,117
29,Female,68.7,1.72,171,168,62,1.08,907,Cardio,29.8,1.7,4,2,23.22,14.00,109
30,Female,60.6,1.55,172,120,52,1.3,780,Strength,32.9,1.6,3,2,25.22,10.00,120
40,Male,52.1,1.61,198,128,70,0.87,612,HIIT,21.3,3.3,2,1,20.1,11.72,128
42,Female,46.6,1.77,184,139,63,0.61,382,Yoga,28.1,2.6,2,1,14.87,10.44,121
52,Male,65.5,1.74,191,138,70,1.48,1011,Strength,26.2,2.8,4,2,21.63,11.39,121
58,Female,44.2,1.57,183,155,59,1.08,753,HIIT,31.9,2.3,3,1,17.93,11.62,124
47,Male,89.1,1.84,168,159,65,1.44,1133,Yoga,24,3.6,3,2,26.32,13.11,103
34,Male,65.9,1.62,199,164,56,0.81,731,Yoga,28.8,2.2,2,1,25.11,15.04,143
37,Female,55.6,1.57,182,123,53,0.97,597,Cardio,29.2,2.4,2,1,22.56,10.26,129
42,Male,63.7,1.98,172,128,69,1.37,868,Yoga,24,3,2,1,16.25,10.56,103
39,Male,86.2,1.82,191,160,72,1.96,1725,Strength,10.2,3.5,5,3,26.02,14.67,119
30,Female,59.2,1.63,174,141,74,1.85,1304,Strength,17.8,2.7,4,3,22.28,11.75,100
36,Male,85.4,1.88,195,137,60,1.98,1492,Yoga,13.5,3.5,5,3,24.16,12.56,135
53,Female,68.1,1.55,164,131,65,1.41,831,HIIT,26.1,2.2,4,2,28.35,9.82,99
29,Female,60,1.62,181,161,69,0.85,684,Strength,28.1,1.9,2,1,22.86,13.41,112
58,Female,74.8,1.69,175,162,53,1.28,933,Strength,32.8,2.3,4,2,26.19,12.15,122
36,Male,90.3,1.65,169,158,71,1.38,1199,Cardio,23.7,3.4,4,2,33.17,14.48,98
29,Male,86.1,1.65,183,128,71,1.66,1169,HIIT,11.2,3.5,4,3,31.63,11.74,112
26,Male,73.7,1.66,177,125,72,0.93,639,Yoga,26.7,2.2,2,1,26.75,11.45,105
24,Female,67.7,1.56,177,138,66,1.42,980,HIIT,27,2.1,3,2,27.82,11.50,111
45,Male,78.3,1.96,166,167,62,1.29,1066,Cardio,29,2.2,3,1,20.38,13.77,104
31,Female,48.2,1.65,163,166,60,1.1,913,Cardio,26.1,2.5,2,1,17.7,13.83,103
48,Female,56.8,1.51,185,126,52,1.37,777,HIIT,32.1,2.1,4,2,24.91,9.45,133
36,Male,112.4,1.63,164,135,58,1.02,757,Cardio,25,3.4,4,2,42.3,12.37,106
33,Female,59,1.67,175,124,55,0.9,558,Cardio,33.7,1.9,3,1,21.16,10.33,120
22,Male,98.4,1.88,194,135,71,0.52,386,Cardio,21.3,2.2,2,1,27.84,12.37,123
52,Male,66.5,1.6,185,120,70,1.34,796,HIIT,26.8,2.1,4,2,25.98,9.90,115
29,Male,106.5,1.81,177,156,60,1.29,1107,Cardio,25.7,2.5,4,2,32.51,14.30,117
42,Male,88.4,1.93,188,158,65,1.68,1314,Yoga,12.4,3.5,4,3,23.73,13.04,123
38,Male,88.4,1.79,182,138,68,1.74,1321,Yoga,12.5,3.5,5,3,27.59,12.65,114
53,Female,53.3,1.74,173,156,54,1.37,962,Strength,32.2,1.8,3,2,17.6,11.70,119
40,Female,58.1,1.56,174,136,63,0.61,415,Yoga,34.4,2.2,2,1,23.87,11.34,111
33,Female,74.2,1.76,192,145,66,1.15,834,Strength,25.9,1.5,4,2,23.95,12.09,126
56,Male,84.6,1.63,184,141,52,1.01,705,HIIT,20.2,2.9,4,2,31.84,11.63,132
59,Male,78,1.92,180,127,53,0.72,453,Cardio,28.1,2.7,3,1,21.16,10.49,127
56,Male,89,1.68,176,152,65,1.77,1332,Yoga,10.5,3.5,5,3,31.53,12.54,111
31,Female,42.7,1.76,182,121,65,1.46,883,Strength,34.9,2.2,3,1,13.78,10.08,117
48,Male,83.9,1.82,176,149,70,1.9,1401,HIIT,13.1,3.5,5,3,25.33,12.29,106
22,Female,78.7,1.52,173,166,74,1.45,1204,Strength,31.5,2.3,3,2,34.06,13.84,99
52,Female,65.9,1.52,188,139,53,1.27,794,Cardio,27,2.3,4,2,28.52,10.42,135
40,Male,76.9,1.92,179,137,68,1.13,851,Yoga,22.4,3.7,4,2,20.86,12.55,111
46,Male,84.3,2,189,162,66,1.83,1467,HIIT,13.3,3.5,5,3,21.07,13.36,123
28,Female,62.4,1.6,178,129,62,1.1,710,Strength,34.1,1.7,3,2,24.37,10.76,116
35,Male,63.7,1.74,198,143,71,1.03,810,HIIT,29.8,2.7,4,2,21.04,13.11,127
29,Female,54.9,1.52,172,123,72,1.48,910,Strength,27,2,3,1,23.76,10.25,100
26,Male,76.4,1.79,177,156,73,1.17,1004,Strength,21.3,2.7,3,2,23.84,14.30,104
27,Male,106.4,1.86,182,123,50,1.34,907,Cardio,20.6,3.1,2,1,30.76,11.28,132
34,Female,68.4,1.5,192,132,61,1.37,904,Cardio,33.7,2.1,4,2,30.4,11.00,131
55,Male,63.5,1.86,198,144,53,1.36,969,Strength,22.9,2.9,4,2,18.35,11.88,145
24,Female,59.4,1.5,199,132,60,1.25,825,Yoga,25,2,3,2,26.4,11.00,139
30,Male,113.4,1.91,177,137,54,1.27,957,HIIT,22.2,3.7,3,1,31.08,12.56,123
57,Female,61.9,1.52,168,143,51,0.92,592,HIIT,28.4,2.6,3,1,26.79,10.72,117
59,Female,70.7,1.68,192,121,66,1.17,637,Cardio,34.9,1.9,3,2,25.05,9.07,126
26,Male,111.5,1.9,191,167,57,1.02,937,Yoga,25.2,2.2,2,1,30.89,15.31,134
44,Female,72.1,1.66,176,152,55,1.4,958,Strength,27,2.5,2,1,26.16,11.40,121
19,Male,56.9,1.87,178,138,70,0.61,463,Cardio,23.3,3.7,3,1,16.27,12.65,108
22,Male,86.2,1.9,186,128,58,1.91,1345,Strength,11.7,3.5,5,3,23.88,11.74,128
46,Male,59.4,1.68,165,147,62,1.16,844,Strength,20.2,2.5,4,2,21.05,12.13,103
54,Female,75.6,1.72,194,154,60,0.97,672,Cardio,26.4,1.9,3,1,25.55,11.55,134
55,Female,76.3,1.73,196,158,65,1.08,768,Yoga,32,2.6,3,1,25.49,11.85,131
36,Male,95.8,1.86,193,129,65,1.37,972,HIIT,21.2,3.2,3,1,27.69,11.82,128
25,Male,120.6,1.83,179,120,51,1.04,686,Cardio,22.3,2.5,3,2,36.01,10.99,128
18,Female,65.3,1.55,184,161,59,1.42,1143,Yoga,28.5,2.2,3,2,27.18,13.42,125
39,Male,85.3,1.89,163,140,61,0.77,593,Strength,27.6,3.6,2,1,23.88,12.84,102
34,Male,68,1.68,169,128,57,0.67,472,Cardio,25.8,3.4,2,1,24.09,11.74,112
24,Female,52.6,1.57,169,166,60,1.29,1071,HIIT,31.9,2.4,2,1,21.34,13.84,109
42,Male,63.3,1.77,183,134,59,1.32,876,HIIT,25.7,3.3,3,2,20.2,11.06,124
21,Female,76.3,1.65,180,154,62,1.14,878,Strength,31.8,1.7,3,2,28.03,12.84,118
53,Male,61,1.63,170,124,74,0.54,331,Cardio,20,3.4,3,1,22.96,10.22,96
23,Female,67.8,1.61,186,160,66,1.34,1072,HIIT,34.3,1.8,2,1,26.16,13.33,120
48,Male,114.9,1.86,175,141,56,1.36,949,Cardio,21.1,3.6,3,1,33.21,11.63,119
36,Male,88,1.71,185,160,73,1.87,1646,HIIT,12,3.5,5,3,30.09,14.67,112
56,Female,67.7,1.58,189,142,52,1.45,927,Strength,32.7,1.9,2,1,27.12,10.66,137
44,Male,124.8,1.85,175,126,69,1.35,842,Strength,24.4,3.5,4,2,36.46,10.40,106
27,Female,53,1.58,166,142,62,1.26,895,Cardio,34.5,1.8,4,2,21.23,11.84,104
43,Male,61.2,1.88,175,163,68,1.03,831,Yoga,24.7,2.9,3,1,17.32,13.45,107
36,Female,48.7,1.68,194,144,56,1.23,886,Yoga,33.7,1.6,3,1,17.25,12.01,138
56,Female,50.6,1.7,175,146,58,1.29,848,Strength,33.1,2.3,2,1,17.51,10.96,117
20,Female,72.6,1.73,199,160,68,1.27,1016,HIIT,34.8,2.5,3,2,24.26,13.33,131
30,Female,70.4,1.56,171,125,62,1.03,644,Yoga,34.3,2.4,4,2,28.93,10.42,109
45,Male,52.5,1.88,194,153,71,1.08,818,Strength,29,2.9,4,2,14.85,12.62,123
37,Male,76.3,1.77,180,128,57,1.36,957,HIIT,27.3,2.1,4,2,24.35,11.73,123
45,Female,41.2,1.58,195,168,71,1.47,1111,HIIT,28.7,2.6,2,1,16.5,12.60,124
25,Female,55.3,1.76,176,152,67,1.56,1186,Yoga,15.5,2.7,4,3,17.85,12.67,109
58,Female,49.7,1.67,191,125,72,1.38,776,Strength,31.9,2.3,4,2,17.82,9.37,119
56,Male,48.3,1.87,165,156,51,0.68,525,HIIT,29.8,3.3,3,1,13.81,12.87,114
18,Male,83.2,1.96,183,150,67,1.83,1510,HIIT,13.6,3.5,4,3,21.66,13.75,116
20,Male,120.5,1.73,186,153,67,1.01,850,Cardio,29.3,3.4,3,2,40.26,14.03,119
30,Male,121.6,2,179,160,60,1.24,1091,Cardio,28,3.3,4,2,30.4,14.66,119
45,Female,73,1.75,184,148,50,1.14,759,Yoga,26.6,2,4,2,23.84,11.10,134
42,Female,57.5,1.67,161,133,63,1.76,1053,Cardio,16.2,2.7,5,3,20.62,9.97,98
50,Female,42.7,1.53,168,155,65,1.41,983,Strength,28.4,2.4,4,2,18.24,11.62,103
55,Male,129.9,1.73,187,155,60,0.69,529,Yoga,21.7,3.1,3,1,43.4,12.78,127
23,Male,108.6,1.92,197,134,50,0.89,656,Yoga,25.8,3.5,2,1,29.46,12.28,147
49,Male,88.6,2,162,127,56,1.83,1150,Cardio,14.9,3.5,4,3,22.15,10.47,106
38,Female,49.7,1.51,179,145,65,1.25,906,HIIT,32.6,2.5,3,1,21.8,12.08,114
33,Female,56.4,1.54,165,155,63,1.06,822,Strength,29.2,1.5,3,1,23.78,12.92,102
38,Male,46.9,1.74,198,167,64,1.03,946,Strength,20,2.6,4,2,15.49,15.31,134
28,Female,71.3,1.67,192,140,63,1.46,1022,Strength,28.1,1.5,4,2,25.57,11.67,129
54,Male,71.6,1.86,160,147,70,1.14,830,Yoga,25.3,2.2,3,2,20.7,12.13,90
53,Male,82.3,1.61,196,123,60,1.87,1139,Strength,11.6,3.5,5,3,31.75,10.15,136
52,Female,70.6,1.69,165,135,65,1.36,826,HIIT,26.1,2.2,3,1,24.72,10.12,100
36,Male,109.8,1.62,193,141,68,0.84,651,HIIT,24.4,3.5,3,1,41.84,12.92,125
37,Female,73.5,1.69,174,131,66,0.54,354,Cardio,27.5,1.6,2,1,25.73,10.93,108
35,Male,85.6,1.85,185,135,55,1.78,1322,Strength,14.5,3.5,5,3,25.01,12.38,130
58,Female,74.6,1.68,173,159,60,1.03,737,Yoga,26,2,4,2,26.43,11.93,113
31,Female,63.2,1.8,166,157,66,0.59,463,Cardio,25.5,2.6,2,1,19.51,13.08,100
32,Female,62.6,1.63,190,161,58,1.67,1344,HIIT,15,2.7,5,3,23.56,13.41,132
48,Male,87.1,1.76,183,156,67,1.81,1398,Strength,11.6,3.5,5,3,28.12,12.87,116
18,Male,82.3,1.84,190,148,66,1.73,1408,HIIT,13.3,3.5,5,3,24.31,13.56,124
20,Female,64.3,1.78,188,137,61,1.71,1171,Cardio,18.7,2.7,4,3,20.29,11.41,127
33,Female,53.7,1.66,191,129,72,1.25,806,HIIT,29.5,2.5,3,1,19.49,10.75,119
40,Male,63,2,176,161,71,1.42,1257,Strength,26.8,2.9,4,2,15.75,14.75,105
28,Male,128.4,1.86,173,158,71,1.06,921,Strength,23.6,3.3,4,2,37.11,14.48,102
29,Male,88,1.89,199,137,54,1.75,1319,Cardio,13.3,3.5,5,3,24.64,12.56,145
27,Female,63.7,1.52,195,120,60,1.19,714,Strength,25.4,2.1,4,2,27.57,10.00,135
49,Male,83.7,1.87,183,158,53,1.29,1009,HIIT,23.9,2.3,4,2,23.94,13.04,130
33,Male,102.6,1.75,186,140,53,1.4,1078,HIIT,27.9,2.2,3,2,33.5,12.83,133
25,Female,77.7,1.55,184,120,52,0.55,330,Yoga,33,1.7,2,1,32.34,10.00,132
55,Male,87.5,1.88,191,134,73,1.19,789,Yoga,27.2,2.6,4,2,24.76,11.05,118
29,Male,87,1.86,177,123,72,1.52,1028,Yoga,11,3.5,4,3,25.15,11.27,105
41,Male,82.8,1.66,177,139,74,1.97,1355,HIIT,11.2,3.5,5,3,30.05,11.46,103
45,Female,65.4,1.68,196,129,66,0.76,441,HIIT,35,2.6,3,1,23.17,9.67,130
25,Female,47.2,1.71,185,142,56,0.89,632,Cardio,26,2.5,2,1,16.14,11.84,129
45,Female,58.2,1.7,168,160,53,0.95,684,Yoga,26.8,2,3,1,20.14,12.00,115
53,Female,73.5,1.55,194,153,72,1.17,806,HIIT,26.3,2.1,4,2,30.59,11.48,122
43,Female,55.2,1.73,167,165,62,1.67,1240,Cardio,16.6,2.7,5,3,18.44,12.38,105
25,Female,64.4,1.71,179,167,61,1.12,935,HIIT,27.1,1.8,3,1,22.02,13.91,118
45,Female,73.5,1.74,181,152,50,1.18,807,Cardio,30,2.3,4,2,24.28,11.40,131
45,Male,89.6,1.81,178,153,70,1.7,1287,Yoga,12.4,3.5,5,3,27.35,12.62,108
54,Male,86.5,1.76,189,158,68,1.48,1158,Yoga,29,3.4,3,2,27.92,13.04,121
58,Female,46.1,1.67,187,129,70,1.28,743,Yoga,25.3,1.8,4,2,16.53,9.67,117
53,Male,68.5,1.97,194,139,69,1.3,894,HIIT,23.2,2.1,3,2,17.65,11.46,125
44,Male,94.6,1.84,170,120,67,1.26,748,HIIT,26,3.1,4,2,27.94,9.89,103
34,Female,54.2,1.52,190,132,60,1.13,746,Cardio,31,2.2,3,1,23.46,11.00,130
26,Male,47.7,1.77,198,120,69,1.15,759,Strength,24.8,2.7,3,2,15.23,11.00,129
50,Male,52.2,1.84,195,124,52,1.38,847,Strength,28.2,3.1,4,2,15.42,10.23,143
37,Male,88.8,1.95,189,135,66,1.58,1173,Yoga,10.3,3.5,5,3,23.35,12.37,123
30,Male,101,1.68,182,134,61,1.46,1076,Strength,28.2,2.9,4,2,35.79,12.28,121
45,Male,118.4,1.95,178,168,59,1.06,881,Yoga,24.9,2.4,3,2,31.14,13.85,119
46,Female,47.9,1.72,171,147,57,1.41,933,Cardio,26.3,2,3,1,16.19,11.03,114
30,Female,51.5,1.74,174,150,64,1.08,810,Strength,33.9,2,3,2,17.01,12.50,110
52,Female,79.9,1.51,190,142,54,0.75,479,Strength,31.5,2.6,3,1,35.04,10.64,136
23,Male,121.3,1.85,196,167,53,0.72,661,Yoga,21.6,3.6,2,1,35.44,15.30,143
35,Female,78.9,1.64,196,164,70,1.28,1050,Cardio,25.3,2.6,4,2,29.34,13.67,126
22,Male,88.5,1.62,174,162,69,1.88,1675,Strength,10.7,3.5,5,3,33.72,14.85,105
42,Male,73.5,1.63,188,136,68,0.52,350,Strength,26.1,3.2,3,1,27.66,11.22,120
19,Male,127.9,1.93,185,168,70,1.27,1173,Strength,21.8,3,4,2,34.34,15.39,115
27,Male,88.5,1.98,161,153,53,1.8,1515,Cardio,11.1,3.5,4,3,22.57,14.03,108
47,Female,43.4,1.62,179,132,64,0.51,303,Cardio,25.3,2.3,3,1,16.54,9.90,115
22,Female,42.8,1.56,174,133,66,1.47,978,Strength,32.2,2.6,3,2,17.59,11.09,108
50,Male,64.5,1.79,163,130,61,1.17,753,Yoga,28.1,2.4,4,2,20.13,10.73,102
18,Female,50.7,1.53,181,147,52,1.29,948,Yoga,33,2.1,3,2,21.66,12.25,129
35,Male,59.2,1.66,197,161,59,1.3,1151,Strength,21.3,3.2,3,1,21.48,14.76,138
49,Female,78.9,1.73,182,151,64,1.38,938,Cardio,34,2.3,2,1,26.36,11.33,118
28,Female,78.7,1.63,185,154,59,1.1,847,Strength,31.7,1.8,3,2,29.62,12.83,126
38,Male,68.7,1.92,170,150,73,1.31,1081,Cardio,29,3,4,2,18.64,13.75,97
43,Female,53.1,1.59,187,136,72,0.82,502,Strength,29.5,2.5,2,1,21,10.20,115
42,Male,64.8,1.65,161,166,67,1.1,904,Cardio,24.4,2.8,3,2,23.8,13.70,94
39,Female,50.3,1.61,167,128,50,1.17,749,HIIT,32.8,2.5,2,1,19.41,10.67,117
44,Male,102.3,1.63,188,129,52,1.34,856,Yoga,20.9,2.6,4,2,38.5,10.65,136
30,Male,62.9,1.92,170,127,70,1.13,789,HIIT,25.2,3.6,2,1,17.06,11.64,100
50,Female,56.5,1.6,196,140,61,1.88,1184,Yoga,19.2,2.7,5,3,22.07,10.50,135
51,Female,74.6,1.55,177,132,50,0.71,422,Cardio,33.3,2.1,2,1,31.05,9.91,127
58,Male,52,1.79,173,169,52,1.12,937,HIIT,29.6,3,3,1,16.23,13.94,121
52,Female,52.1,1.67,169,124,52,1.5,837,Yoga,32,1.5,2,1,18.68,9.30,117
18,Female,72.2,1.54,194,125,54,0.97,606,Strength,27.1,1.7,2,1,30.44,10.41,140
38,Male,85.8,1.8,168,149,68,1.72,1410,Cardio,10.1,3.5,4,3,26.48,13.66,100
23,Male,81.4,1.85,194,150,74,1.6,1320,Cardio,12.4,3.5,4,3,23.78,13.75,120
45,Female,50.9,1.65,170,136,50,1.45,887,Strength,30.1,2.3,2,1,18.7,10.20,120
34,Male,52,1.78,171,130,53,1.38,987,Strength,22.4,2.7,4,2,16.41,11.92,118
22,Male,71,1.93,162,139,53,1.42,1086,Yoga,21.2,2.9,4,2,19.06,12.75,109
48,Male,80.6,1.77,198,167,66,1.51,1248,Cardio,12.9,3.5,4,3,25.73,13.77,132
22,Female,58.3,1.72,173,128,63,1,640,Yoga,32.6,1.6,3,2,19.71,10.67,110
55,Female,63,1.7,187,121,67,1.32,719,Strength,34.9,2.5,3,1,21.8,9.08,120
20,Male,111,1.94,170,156,50,1.02,875,Cardio,27.6,3.3,4,2,29.49,14.30,120
40,Female,52.6,1.66,198,120,71,1.27,762,Strength,32.9,1.7,3,2,19.09,10.00,127
54,Male,116.4,2,184,123,65,1.13,688,Yoga,26.2,3.1,3,1,29.1,10.15,119
54,Female,75.6,1.61,180,155,52,1.41,983,Yoga,34.9,2.5,4,2,29.17,11.62,128
27,Male,61.6,1.8,169,144,72,1.48,1172,Yoga,26.4,3.1,2,1,19.01,13.20,97
27,Male,108,1.8,174,122,70,1.38,926,Cardio,28.6,2.5,4,2,33.33,11.18,104
36,Female,59.3,1.75,178,128,58,0.99,634,Strength,34.5,2.3,3,1,19.36,10.67,120
34,Male,75.7,1.94,181,141,72,1.18,915,Strength,29.3,2.4,4,2,20.11,12.92,109
38,Female,56.3,1.6,180,142,53,1.21,859,Yoga,28.8,1.9,4,2,21.99,11.83,127
31,Female,58.2,1.73,191,131,70,1.17,766,Yoga,25.8,1.8,3,2,19.45,10.91,121
26,Male,55.7,1.68,182,129,54,1.13,802,Yoga,21.7,2.9,3,1,19.73,11.83,128
18,Male,125.9,1.67,172,153,60,1.46,1229,Yoga,20.6,2.2,3,2,45.14,14.03,112
30,Female,62.7,1.67,164,162,70,1.02,826,HIIT,26.1,2.6,4,2,22.48,13.50,94
21,Male,86.6,1.86,163,129,58,1.37,972,HIIT,21.8,2.6,3,2,25.03,11.82,105
18,Male,64.5,1.82,187,149,52,1.2,983,HIIT,23.4,2.4,3,2,19.47,13.65,135
57,Male,76.6,1.86,173,141,55,1.14,796,Yoga,25.4,2.8,4,2,22.14,11.64,118
49,Male,81.4,1.83,167,125,73,1.98,1225,Yoga,13.6,3.5,5,3,24.31,10.31,94
51,Male,60.7,1.71,168,169,60,1.14,954,Strength,22.1,2.5,2,1,20.76,13.95,108
45,Female,57.2,1.55,194,121,58,1.67,909,Cardio,18.4,2.7,5,3,23.81,9.07,136
48,Female,73,1.59,196,149,64,1.19,798,Strength,32,2.1,3,2,28.88,11.18,132
25,Male,123.8,1.99,180,121,72,1.13,752,HIIT,25.6,2.6,3,1,31.26,11.09,108
56,Male,93.6,1.66,177,151,52,1.37,1024,Strength,29,2.2,2,1,33.97,12.46,125
43,Male,76.8,1.92,192,161,50,1.24,988,Yoga,21.1,2.5,3,1,20.83,13.28,142
51,Female,54.7,1.53,167,135,69,1.11,674,HIIT,26.8,2,4,2,23.37,10.12,98
20,Male,92.3,1.94,176,131,71,1.14,821,HIIT,24.3,2.1,3,2,24.52,12.00,105
29,Female,71.8,1.55,190,120,68,1.2,720,Cardio,26.3,2.4,4,2,29.89,10.00,122
18,Female,66.9,1.57,193,127,63,1.07,679,Cardio,30.7,2.2,3,2,27.14,10.58,130
22,Female,48.7,1.76,165,167,66,1.37,1144,HIIT,29,2.2,4,2,15.72,13.92,99
47,Male,66.2,1.71,181,169,71,1.42,1188,HIIT,22.8,2.9,3,1,22.64,13.94,110
47,Female,40,1.76,173,132,63,0.8,475,Strength,26.7,2.2,3,1,12.91,9.90,110
34,Male,112.4,1.85,162,134,66,1.18,870,HIIT,23.4,3.6,4,2,32.84,12.29,96
40,Female,70,1.55,171,163,74,0.85,693,Yoga,31.1,1.5,3,1,29.14,13.59,97
32,Male,84,1.74,195,127,63,1.45,1013,Strength,25.8,2.1,3,1,27.74,11.64,132
54,Female,43.8,1.65,171,129,61,1.29,749,Yoga,26.6,1.7,4,2,16.09,9.68,110
38,Male,123.3,1.62,161,165,65,1.34,1216,Yoga,21.2,2.3,4,2,46.98,15.12,96
31,Female,57.9,1.56,161,124,50,1.8,1116,Yoga,15.1,2.7,5,3,23.79,10.33,111
19,Male,82.4,1.96,174,169,62,1.9,1766,HIIT,10.1,3.5,5,3,21.45,15.49,112
28,Male,84.8,1.79,182,138,55,1.35,1025,Cardio,28.8,2.3,4,2,26.47,12.65,127
56,Male,109.6,1.66,188,166,66,1.29,1060,Cardio,20.5,3.1,3,2,39.77,13.70,122
55,Male,86.4,1.77,176,157,61,1,777,Yoga,27.3,2.8,3,2,27.58,12.95,115
51,Female,63.9,1.8,191,130,72,1.07,626,HIIT,33.7,2.7,4,2,19.72,9.75,119
55,Female,70.8,1.62,166,162,68,0.54,394,Strength,26,1.8,3,1,26.98,12.16,98
51,Male,115.3,1.67,189,139,55,1.38,950,Yoga,24.4,2.5,3,2,41.34,11.47,134
35,Female,55.3,1.56,187,139,56,1.71,1188,Strength,19.8,2.7,5,3,22.72,11.58,131
47,Male,73.9,1.8,173,140,50,1.36,942,Strength,28.3,3.7,3,1,22.81,11.54,123
32,Male,97.3,1.96,189,137,50,1.36,1025,HIIT,24.9,3.4,3,2,25.33,12.56,139
44,Female,60.4,1.65,176,169,54,1.27,966,HIIT,32.6,2.1,4,2,22.19,12.68,122
51,Male,49.3,1.61,191,129,55,1.36,868,Cardio,28.3,2.9,2,1,19.02,10.64,136
55,Male,91.8,1.78,165,153,65,1.44,1091,Cardio,23.5,3.4,3,1,28.97,12.63,100
50,Female,73.6,1.55,183,145,74,0.89,581,HIIT,33.9,2.1,3,1,30.63,10.88,109
41,Male,47.1,1.78,165,149,65,1.26,929,Yoga,24.7,2.4,3,1,14.87,12.29,100
32,Male,65.2,1.62,186,128,63,0.58,408,Cardio,25.3,3.4,2,1,24.84,11.72,123
47,Male,87.2,1.64,177,165,50,2,1634,Strength,15,3.5,4,3,32.42,13.62,127
59,Male,96.7,1.71,183,150,62,0.57,423,Yoga,28.4,2.9,3,1,33.07,12.37,121
34,Female,46.9,1.61,196,161,69,1.02,821,Strength,28.6,1.7,3,2,18.09,13.42,127
22,Female,72.1,1.62,183,123,59,1.38,849,HIIT,25.1,2.1,3,1,27.47,10.25,124
46,Female,62.5,1.54,197,125,73,1.61,906,Strength,18.1,2.7,4,3,26.35,9.38,124
21,Male,110.7,1.69,193,133,59,1.06,775,Yoga,27,2.7,3,1,38.76,12.19,134
27,Male,102.6,1.83,199,123,58,1.41,954,HIIT,26.5,3.5,3,2,30.64,11.28,141
34,Female,64.3,1.62,174,145,62,1.76,1276,Yoga,19.8,2.7,5,3,24.5,12.08,112
27,Male,80.7,1.61,170,166,52,1.75,1598,Strength,14.3,3.5,4,3,31.13,15.22,118
34,Male,115.3,1.81,181,167,67,1.36,1249,Yoga,24.5,2.2,2,1,35.19,15.31,114
37,Male,87.8,1.69,183,158,69,1.81,1573,HIIT,10.3,3.5,5,3,30.74,14.48,114
41,Male,74.3,1.61,160,136,51,1.06,714,Strength,24.8,3.5,4,2,28.66,11.23,109
22,Female,78.5,1.7,177,138,66,1.36,938,Strength,31.9,2.1,4,2,27.16,11.50,111
51,Female,77.3,1.58,171,168,68,0.97,733,Cardio,31.1,2,2,1,30.96,12.59,103
23,Female,64.5,1.7,187,125,72,0.51,319,Cardio,30.4,1.7,2,1,22.32,10.42,115
19,Male,72,1.94,199,148,62,1.17,952,Yoga,24.7,3.2,3,2,19.13,13.56,137
30,Female,77.9,1.77,166,130,62,1.41,916,Cardio,27.9,2.6,4,2,24.87,10.83,104
28,Female,69.6,1.58,182,135,50,1.49,1006,Cardio,27.8,2,3,2,27.88,11.25,132
40,Male,68.9,1.99,180,149,51,1.16,951,Cardio,25,2.4,4,2,17.4,13.66,129
33,Male,45.9,1.89,193,144,50,1.45,1148,Cardio,21.6,2.9,3,2,12.85,13.20,143
48,Female,68.2,1.69,170,159,73,0.75,537,HIIT,28.4,2.5,3,1,23.88,11.93,97
28,Female,79.6,1.59,181,130,54,1.49,968,HIIT,28.2,1.5,3,2,31.49,10.83,127
33,Female,53.6,1.52,194,126,73,1.02,643,Cardio,30.9,2.3,2,1,23.2,10.51,121
25,Female,57.7,1.58,188,145,52,1.36,986,Yoga,25.7,2.2,3,2,23.11,12.08,136
21,Male,74.2,1.93,187,141,56,1.32,1024,HIIT,28.3,2.5,3,2,19.92,12.93,131
57,Female,64.4,1.56,177,144,73,1.52,985,Cardio,17.8,2.7,5,3,26.46,10.80,104
21,Female,54.9,1.78,173,138,71,0.55,380,HIIT,31.7,2,2,1,17.33,11.52,102
42,Male,50.3,1.64,177,150,62,0.63,468,Strength,27,2.4,3,1,18.7,12.38,115
20,Female,46.5,1.68,187,145,72,0.91,660,HIIT,27.9,2.4,2,1,16.48,12.09,115
49,Male,57.8,1.99,183,161,67,0.93,741,HIIT,24.7,3.1,3,1,14.6,13.28,116
20,Male,83,1.8,167,160,73,0.79,695,Yoga,29.6,2.9,2,1,25.62,14.66,94
44,Male,82.5,1.79,167,155,70,1.51,1159,HIIT,13.8,3.5,5,3,25.75,12.79,97
46,Female,66.5,1.73,163,142,56,1.11,709,Yoga,34.7,2,3,1,22.22,10.65,107
49,Female,70.2,1.67,186,166,50,0.93,695,Strength,32.5,1.8,3,1,25.17,12.46,136
36,Male,121.9,1.93,195,132,54,1.49,1082,Cardio,21.8,3.4,3,2,32.73,12.10,141
38,Female,70.3,1.52,164,144,66,1.19,857,Yoga,25.6,2,4,2,30.43,12.00,98
22,Female,40.3,1.56,192,121,57,1.45,877,HIIT,30.8,2.1,4,2,16.56,10.08,135
35,Male,101.4,1.76,193,121,64,0.84,559,HIIT,23.6,2.9,2,1,32.74,11.09,129
45,Male,79.2,1.95,189,135,69,1.47,982,Yoga,22.8,2.8,3,2,20.83,11.13,120
59,Female,75.8,1.77,167,128,53,1.46,841,Strength,33.1,1.8,3,1,24.19,9.60,114
39,Male,71.7,1.88,198,147,51,0.55,445,Cardio,23.7,2.2,2,1,20.29,13.48,147
38,Female,57.7,1.56,185,132,54,1.64,1082,HIIT,16.6,2.7,5,3,23.71,11.00,131
23,Female,47.4,1.6,196,154,50,0.76,585,Strength,33.5,1.6,3,1,18.52,12.83,146
18,Female,57.2,1.75,193,160,74,1.29,1032,Cardio,33.5,2.4,3,2,18.68,13.33,119
22,Female,44.8,1.72,166,132,54,1.48,977,Cardio,28.6,1.8,4,2,15.14,11.00,112
58,Male,90.2,1.72,199,150,55,0.9,668,HIIT,28.3,2.1,2,1,30.49,12.37,144
29,Male,84.9,1.72,187,140,51,1.79,1378,Yoga,14.3,3.5,4,3,28.7,12.83,136
43,Male,95.7,1.77,198,151,50,1.08,807,HIIT,24.2,3.4,3,1,30.55,12.45,148
51,Male,59,1.65,198,153,53,1.22,924,HIIT,20.7,2.3,3,2,21.67,12.62,145
31,Female,60.5,1.77,187,127,56,1.72,1092,HIIT,15,2.7,4,3,19.31,10.58,131
43,Female,53.8,1.72,173,160,71,1.03,742,Strength,30.2,2.3,4,2,18.19,12.01,102
44,Male,86.6,1.97,197,167,50,1.66,1372,Yoga,11.7,3.5,5,3,22.31,13.78,147
26,Female,72.8,1.67,163,121,50,1.37,829,Strength,35,1.9,2,1,26.1,10.09,113
43,Female,66.3,1.77,177,157,57,1.48,1046,HIIT,32.7,1.7,4,2,21.16,11.78,120
39,Female,56,1.6,184,151,69,0.89,672,Yoga,32.6,2,2,1,21.87,12.58,115
47,Male,45.9,1.93,166,159,65,1.29,1015,Cardio,29.6,2,3,2,12.32,13.11,101
34,Male,88,1.64,197,147,70,1.9,1536,Yoga,14.4,3.5,4,3,32.72,13.47,127
43,Male,94,1.79,187,156,62,1.31,1012,HIIT,23.2,3.4,2,1,29.34,12.88,125
53,Female,44.7,1.79,164,160,72,1.34,965,Yoga,26.7,2.1,3,2,13.95,12.00,92
18,Male,63.2,1.63,162,120,73,0.66,436,Cardio,27.5,2.2,3,1,23.79,11.01,89
25,Male,95.6,1.9,190,160,72,1.47,1294,Cardio,23.8,2.4,4,2,26.48,14.67,118
52,Male,47.8,1.86,179,129,67,1.01,645,Yoga,24.7,2.8,3,2,13.82,10.64,112
32,Male,85.3,1.64,178,123,69,1.77,1197,Cardio,13.2,3.5,4,3,31.71,11.27,109
39,Male,59.7,1.83,170,154,59,1.35,1143,Strength,29.1,2.3,4,2,17.83,14.11,111
31,Male,70.2,1.98,199,129,61,0.71,504,Yoga,24.2,2.5,2,1,17.91,11.83,138
43,Female,72.7,1.8,162,166,50,0.79,590,Cardio,32.8,2.1,3,1,22.44,12.45,112
45,Female,50.4,1.79,182,130,59,0.74,433,Cardio,27.7,2.5,2,1,15.73,9.75,123
40,Male,81.7,1.74,166,133,58,0.91,666,Yoga,27,2.7,2,1,26.99,12.20,108
31,Male,49.3,1.62,182,157,52,0.56,484,Strength,20,3.2,2,1,18.79,14.40,130
41,Female,61.9,1.64,166,131,68,1.93,1138,Yoga,19.4,2.7,4,3,23.01,9.83,98
19,Female,49.1,1.68,193,164,58,1.42,1164,Cardio,25.3,2.6,4,2,17.4,13.66,135
43,Male,66.5,1.83,178,136,59,1.11,747,Yoga,27.1,2.4,3,2,19.86,11.22,119
31,Male,75.5,1.93,168,135,68,0.6,446,Cardio,20.5,3.4,2,1,20.27,12.39,100
24,Male,88.2,1.79,177,154,65,1.76,1491,HIIT,11.3,3.5,4,3,27.53,14.12,112
20,Male,74.8,1.75,184,121,73,1.33,885,Yoga,25,3.3,3,2,24.42,11.09,111
40,Female,72.2,1.6,173,130,67,0.87,566,Yoga,29.2,1.9,3,1,28.2,10.84,106
35,Male,62.8,1.63,184,160,63,1.41,1241,Cardio,21.9,3.7,4,2,23.64,14.67,121
55,Male,84.7,1.79,178,122,52,1.19,719,Cardio,23.3,2.4,3,2,26.43,10.07,126
52,Male,116.5,1.69,198,148,51,0.53,388,Cardio,27.3,2.4,2,1,40.79,12.20,147
32,Male,77.4,1.92,174,137,50,1.39,1047,Cardio,26.7,3.3,3,2,21,12.55,124
42,Female,72.9,1.62,175,139,67,1.17,732,Yoga,25.7,2,4,2,27.78,10.43,108
54,Female,58.4,1.59,186,166,73,1.08,807,Cardio,32.5,1.9,2,1,23.1,12.45,113
45,Female,64.3,1.54,199,133,58,1.67,999,Yoga,15.3,2.7,4,3,27.11,9.97,141
27,Male,89.3,1.87,169,153,62,1.62,1363,Strength,12.7,3.5,5,3,25.54,14.02,107
56,Male,90.2,1.61,163,168,51,1.38,1148,Yoga,22.6,2.3,3,2,34.8,13.86,112
34,Female,59,1.62,178,150,56,1.13,847,Cardio,30.9,2.4,4,2,22.48,12.49,122
56,Male,58.7,1.86,187,159,65,1.09,858,Cardio,22.6,3.3,3,2,16.97,13.12,122
39,Male,127.5,1.82,180,161,70,1.26,1116,Strength,29.8,3,3,2,38.49,14.76,110
43,Female,68.6,1.52,173,137,68,1.42,875,Yoga,28.1,2.6,4,2,29.69,10.27,105
42,Female,56.7,1.53,192,149,74,1.07,717,Strength,27.4,1.9,3,1,24.22,11.17,118
34,Female,64.5,1.78,169,144,64,1.33,958,Yoga,27.8,1.8,4,2,20.36,12.01,105
30,Female,61.6,1.52,178,138,71,1.78,1228,Cardio,19.5,2.7,4,3,26.66,11.50,107
37,Male,75.1,1.82,189,127,60,1.23,859,Yoga,26.4,3.2,4,2,22.67,11.64,129
42,Male,79.3,1.93,181,147,50,1.22,888,Cardio,27.3,3.3,2,1,21.29,12.13,131
21,Female,72.6,1.68,162,127,70,1.19,756,Cardio,34.2,1.8,3,2,25.72,10.59,92
27,Male,76.7,1.7,196,150,56,0.96,792,HIIT,29.1,2.1,3,1,26.54,13.75,140
20,Female,44.2,1.61,177,122,69,1.08,659,HIIT,32.4,2.5,2,1,17.05,10.17,108
58,Female,56.5,1.7,170,122,57,0.74,406,Yoga,27,2.7,2,1,19.55,9.14,113
35,Male,100.9,1.63,161,163,59,1.1,986,Cardio,28.4,3.1,2,1,37.98,14.94,102
53,Female,55.8,1.55,171,141,54,1.12,711,Strength,27,1.8,4,2,23.23,10.58,117
39,Male,58.3,1.93,165,136,58,1.35,1010,Cardio,27.4,3.7,4,2,15.65,12.47,107
51,Male,48.6,1.77,199,155,74,1.47,1128,Strength,26.9,3.5,2,1,15.51,12.79,125
25,Male,81.7,1.95,188,136,74,1.94,1451,Yoga,13.8,3.5,4,3,21.49,12.47,114
57,Male,85.6,1.69,189,133,50,1.76,1159,Yoga,12.7,3.5,5,3,29.97,10.98,139
36,Female,60,1.72,161,128,51,1.63,1043,Strength,18.2,2.7,5,3,20.28,10.66,110
59,Male,126.4,1.69,168,149,68,1.24,915,Strength,29.5,2.9,3,1,44.26,12.30,100
58,Female,75.4,1.78,161,140,63,1.05,662,Cardio,26,2.5,4,2,23.8,10.51,98
54,Female,64.2,1.69,188,131,69,1.69,996,Yoga,16.5,2.7,4,3,22.48,9.82,119
23,Female,65.2,1.62,192,156,59,1.37,1069,Cardio,31.1,2.5,3,2,24.84,13.00,133
43,Female,70.1,1.66,169,151,58,0.99,673,Strength,34.6,2.6,2,1,25.44,11.33,111
51,Male,102.6,1.77,193,130,59,1.21,779,HIIT,21,3.4,2,1,32.75,10.73,134
23,Male,107.2,1.93,167,139,55,1.15,879,HIIT,20.2,3.1,4,2,28.78,12.74,112
54,Female,56.5,1.75,196,154,66,1.76,1220,HIIT,15.3,2.7,5,3,18.45,11.55,130
50,Female,61.6,1.75,192,166,74,1.22,911,Strength,25.5,2.2,4,2,20.11,12.45,118
39,Male,81.7,1.75,165,165,55,1.32,1198,Cardio,29.1,2.8,4,2,26.68,15.13,110
38,Female,76.6,1.58,199,130,53,0.74,481,Yoga,32.2,2.3,2,1,30.68,10.83,146
23,Male,116.8,1.79,178,127,69,1,698,Strength,26.8,3.4,4,2,36.45,11.63,109
23,Female,60.1,1.59,191,123,52,1.8,1107,HIIT,17.6,2.7,4,3,23.77,10.25,139
21,Male,93.7,1.73,186,146,72,1,803,Cardio,27.8,3.6,2,1,31.31,13.38,114
47,Female,41.6,1.58,160,163,68,1.03,756,Yoga,26.6,2.1,4,2,16.66,12.23,92
28,Female,55.1,1.79,192,159,67,1.99,1582,Yoga,17,2.7,5,3,17.2,13.25,125
47,Male,127.1,1.76,199,157,73,0.71,552,Strength,24.9,3,2,1,41.03,12.96,126
48,Female,69.1,1.6,191,166,53,1.34,1001,Strength,26.1,2,4,2,26.99,12.45,138
41,Female,66.8,1.74,164,149,57,1.34,898,Yoga,29.2,2.3,3,1,22.06,11.17,107
26,Male,125.5,1.76,176,163,66,1.15,1031,Yoga,23.2,3.1,4,2,40.52,14.94,110
20,Female,71.3,1.58,167,167,54,1.07,893,HIIT,25.4,1.5,3,2,28.56,13.91,113
48,Male,129.2,1.61,193,167,62,1.06,876,Yoga,21.4,2.9,4,2,49.84,13.77,131
57,Male,96.3,1.86,168,146,74,1.1,795,Strength,27.6,2.2,3,2,27.84,12.05,94
54,Female,67.5,1.54,182,140,50,0.72,454,Cardio,25.2,1.5,3,1,28.46,10.51,132
53,Female,64.4,1.55,194,139,62,1.77,1107,HIIT,19.7,2.7,4,3,26.81,10.42,132
41,Female,64.9,1.57,166,123,53,1.04,576,HIIT,25.9,2.4,4,2,26.33,9.23,113
48,Female,52.3,1.66,174,130,71,0.74,433,Yoga,33,1.8,3,1,18.98,9.75,103
23,Female,56.7,1.55,179,132,73,1.38,911,Cardio,34,1.9,4,2,23.6,11.00,106
19,Female,46.8,1.63,184,128,63,1.35,864,HIIT,34.4,1.6,4,2,17.61,10.67,121
37,Female,70.3,1.77,162,123,52,1.01,621,Strength,33.7,1.7,2,1,22.44,10.25,110
45,Male,80.8,1.76,183,131,54,1.7,1102,Yoga,11.4,3.5,4,3,26.08,10.80,129
28,Female,56,1.5,193,128,56,1.94,1242,Strength,16.7,2.7,5,3,24.89,10.67,137
21,Male,101.2,1.84,181,132,50,1.3,944,Yoga,24.3,3.3,2,1,29.89,12.10,131
32,Female,56.6,1.57,170,167,72,1.65,1378,HIIT,15.7,2.7,4,3,22.96,13.92,98
23,Female,40.9,1.75,167,145,61,0.82,594,Yoga,25.2,2.1,3,1,13.36,12.07,106
47,Male,127.8,1.65,198,157,60,0.77,598,Cardio,28.7,3.5,2,1,46.94,12.94,138
55,Female,49.3,1.76,194,161,73,1.28,927,Strength,30.5,2,2,1,15.92,12.07,121
19,Female,64.3,1.63,197,132,57,1.87,1234,Cardio,18,2.7,5,3,24.2,11.00,140
32,Male,49.3,1.62,167,158,74,1.18,1025,Strength,29.3,2.5,3,2,18.79,14.48,93
28,Female,63,1.62,196,147,55,0.68,500,Strength,31.7,1.9,2,1,24.01,12.25,141
25,Female,41.1,1.67,186,138,71,1.03,711,Yoga,31.9,2.4,3,2,14.74,11.50,115
43,Female,40.5,1.74,187,143,51,1.5,965,HIIT,32.9,2.2,3,2,13.38,10.72,136
22,Male,71,1.62,199,138,68,0.91,691,HIIT,21.2,3.5,2,1,27.05,12.66,131
23,Female,60.9,1.62,193,168,69,1.59,1336,Cardio,16.8,2.7,5,3,23.21,14.00,124
43,Female,64.7,1.66,191,132,69,1.88,1117,Yoga,19.8,2.7,4,3,23.48,9.90,122
21,Female,51,1.71,174,132,73,1.07,706,HIIT,34.2,2.2,3,2,17.44,11.00,101
36,Female,57.7,1.77,176,147,63,1.65,1213,Strength,19.4,2.7,4,3,18.42,12.25,113
37,Male,76.9,1.82,192,121,50,1.49,992,Strength,24.5,2.8,4,2,23.22,11.10,142
50,Male,80.5,1.77,175,129,59,1.85,1181,Yoga,14.3,3.5,4,3,25.7,10.64,116
37,Female,73.3,1.74,188,141,65,1.03,726,Cardio,25.5,2.4,3,2,24.21,11.75,123
29,Female,49,1.57,168,132,53,1.33,878,Yoga,26.5,2.6,3,2,19.88,11.00,115
18,Male,114.5,1.97,192,128,60,1.03,725,Cardio,24.1,2.6,3,1,29.5,11.73,132
43,Male,81,1.78,188,152,65,1.58,1189,Yoga,12.4,3.5,5,3,25.56,12.54,123
31,Female,53.5,1.76,172,133,69,1.22,811,Strength,27.6,1.8,4,2,17.27,11.08,103
55,Male,52.1,1.68,180,167,50,0.77,637,Yoga,23.6,3,3,1,18.46,13.79,130
54,Female,70.1,1.52,180,139,65,0.76,475,HIIT,26.6,2.1,2,1,30.34,10.42,115
28,Male,86.9,1.78,164,134,68,1.29,951,HIIT,24.9,3.7,4,2,27.43,12.29,96
53,Male,73.4,1.76,169,151,70,1.09,815,Yoga,27.9,2.8,3,2,23.7,12.46,99
30,Male,90,1.66,165,152,71,1.32,1104,Cardio,26.6,2.1,4,2,32.66,13.94,94
20,Male,85.7,1.92,172,136,58,1.72,1287,Cardio,10.5,3.5,5,3,23.25,12.47,114
50,Female,70.4,1.55,160,143,58,0.73,470,Strength,29.9,2.7,2,1,29.3,10.73,102
23,Male,57.7,1.71,179,149,58,1.15,942,Strength,27,3.4,3,2,19.73,13.65,121
27,Male,75.7,1.76,167,132,66,0.68,494,Cardio,25.3,2.3,3,1,24.44,12.11,101
22,Female,61.8,1.52,169,166,61,1.83,1519,Yoga,17,2.7,5,3,26.75,13.83,108
40,Male,80.3,1.76,168,167,74,1.63,1497,Strength,13.1,3.5,5,3,25.92,15.31,94
27,Male,104.3,1.68,162,135,62,1.28,950,Cardio,29.7,3.5,3,2,36.95,12.37,100
19,Female,65.7,1.58,170,121,57,1.46,883,Cardio,25.9,1.9,3,2,26.32,10.08,113
30,Male,120.3,1.96,171,136,65,0.66,494,Yoga,23.9,2.6,2,1,31.32,12.47,106
57,Female,51.9,1.57,169,151,67,1.05,713,HIIT,29.1,2.6,3,2,21.06,11.32,102
19,Female,59.1,1.57,184,162,50,1.65,1336,Cardio,17.9,2.7,5,3,23.98,13.49,134
37,Female,66.9,1.75,184,127,50,1.38,876,Strength,26.5,2.1,4,2,21.84,10.58,134
18,Female,66.9,1.75,170,122,61,0.94,573,Yoga,26.8,1.7,2,1,21.84,10.16,109
54,Male,78.7,1.66,195,131,55,1.42,921,Yoga,22.9,2.6,3,2,28.56,10.81,140
26,Female,62.4,1.61,198,139,58,1.88,1307,Yoga,19.8,2.7,4,3,24.07,11.59,140
34,Male,102.1,1.71,185,135,72,0.96,713,HIIT,27.3,3.2,2,1,34.92,12.38,113
26,Male,51.9,2,173,133,54,0.75,549,HIIT,26.6,2.3,2,1,12.97,12.20,119
28,Male,58.3,2,198,135,65,1.32,980,Strength,28.2,3,4,2,14.57,12.37,133
32,Male,89.8,1.92,199,168,67,1.93,1783,Strength,10.6,3.5,4,3,24.36,15.40,132
41,Male,101.1,1.83,160,162,66,0.79,634,Yoga,28.6,3.2,2,1,30.19,13.38,94
55,Male,118.6,1.72,163,168,67,0.77,640,Strength,25.9,2.6,3,1,40.09,13.85,96
52,Male,84.8,1.85,189,152,50,1.19,895,Cardio,23.4,3.2,2,1,24.78,12.54,139
47,Male,80,1.77,171,149,68,0.72,531,HIIT,28.2,3.5,3,1,25.54,12.29,103
48,Male,73.1,1.83,194,131,71,1.05,681,Yoga,28,2.8,4,2,21.83,10.81,123
22,Male,117.3,1.68,172,134,57,1.24,914,Yoga,28.5,2.7,3,2,41.56,12.28,115
31,Female,77.4,1.71,190,137,52,1.26,863,Cardio,26.2,1.8,4,2,26.47,11.42,138
28,Female,72.9,1.67,197,147,74,1.13,831,Cardio,34.7,2.2,3,2,26.14,12.26,123
26,Female,71.2,1.5,182,142,54,1.15,816,Cardio,34.6,2.6,2,1,31.64,11.83,128
51,Male,88.2,1.62,163,133,72,1.56,1027,Cardio,11.8,3.5,4,3,33.61,10.97,91
29,Female,75.6,1.8,175,149,57,1.31,976,Yoga,25.7,1.9,4,2,23.33,12.42,118
52,Female,57.9,1.56,166,152,68,1.66,1135,HIIT,15.8,2.7,4,3,23.79,11.40,98
52,Female,70.6,1.58,181,164,67,1.02,753,HIIT,34.9,2,3,2,28.28,12.30,114
18,Male,118.6,1.64,188,134,67,0.94,693,Cardio,25.6,2.7,3,1,44.1,12.29,121
57,Male,55.7,1.99,170,126,70,1.13,705,Strength,23.6,3,3,2,14.07,10.40,100
39,Male,102.3,1.94,192,134,50,0.89,656,Yoga,22.9,2.4,3,1,27.18,12.28,142
46,Male,72.6,1.87,188,161,64,1.31,1044,HIIT,22.6,3.4,4,2,20.76,13.28,124
25,Female,63.8,1.68,198,165,67,0.95,784,Cardio,31.6,1.9,2,1,22.6,13.75,131
28,Female,67.3,1.67,171,157,74,0.61,479,Strength,29.2,2.3,3,1,24.13,13.09,97
58,Female,59.3,1.58,166,165,56,1.97,1463,Strength,19.8,2.7,4,3,23.75,12.38,110
54,Female,70.7,1.57,198,163,65,1.14,836,Cardio,31.8,2.1,3,1,28.68,12.22,133
31,Male,86.9,1.69,185,130,65,1.72,1230,Yoga,14,3.5,4,3,30.43,11.92,120
47,Male,98.2,1.9,199,148,64,0.76,557,HIIT,22.9,3,3,1,27.2,12.21,135
52,Male,63.6,1.62,168,150,55,1.3,965,Strength,20.8,2.3,4,2,24.23,12.37,113
38,Female,45.2,1.68,193,144,58,1.01,727,HIIT,29.9,2.4,3,2,16.01,12.00,135
54,Male,117.2,1.62,172,143,56,1.04,736,HIIT,23.1,2.3,4,2,44.66,11.79,116
22,Male,107.4,1.74,195,138,63,1.34,1017,Strength,22,2.2,2,1,35.47,12.65,132
36,Female,59.1,1.78,184,121,60,0.85,514,Cardio,34.5,2.2,2,1,18.65,10.08,124
31,Female,53.3,1.64,183,141,70,0.57,402,Strength,29.4,2.4,3,1,19.82,11.75,113
43,Male,46.2,1.63,176,139,65,1.18,812,Strength,21.7,2.1,2,1,17.39,11.47,111
21,Male,67,1.61,161,152,74,1.32,1104,Yoga,22,2.1,3,2,25.85,13.94,87
42,Male,86.3,1.77,172,127,55,1.77,1113,HIIT,11.4,3.5,4,3,27.55,10.48,117
59,Male,85.5,1.67,190,144,71,1.99,1418,Cardio,15,3.5,5,3,30.66,11.88,119
42,Male,70.2,1.87,188,165,65,1.38,1127,HIIT,22.7,3.4,3,2,20.07,13.61,123
35,Male,127.1,1.62,187,128,69,1.02,718,Strength,23.3,3.4,4,2,48.43,11.73,118
57,Female,75.6,1.67,186,153,65,1.05,723,Cardio,31.6,1.8,3,2,27.11,11.48,121
25,Female,62.6,1.65,174,142,61,1.2,852,Cardio,27.9,2.2,3,1,22.99,11.83,113
56,Female,55.7,1.53,190,124,66,1.91,1066,Cardio,16.1,2.7,5,3,23.79,9.30,124
57,Male,96.1,1.74,199,144,54,1.21,862,Cardio,21.6,2.8,3,2,31.74,11.87,145
31,Female,76.7,1.62,174,127,74,1.39,883,Yoga,28.1,2.3,4,2,29.23,10.59,100
49,Male,57.2,1.89,192,135,62,1.14,762,Cardio,21.1,3.5,2,1,16.01,11.14,130
55,Male,69.9,1.81,179,167,57,1.2,992,Strength,20.2,2.1,4,2,21.34,13.78,122
50,Female,67.9,1.77,171,164,73,1.03,760,Yoga,33,2.4,3,2,21.67,12.30,98
40,Male,87.9,1.87,196,134,54,1.96,1445,Strength,10.7,3.5,5,3,25.14,12.29,142
32,Male,102.8,1.98,168,120,61,1.24,818,Strength,27.8,2.8,3,2,26.22,10.99,107
50,Female,51.8,1.5,182,141,58,1.32,838,HIIT,33,2.2,3,1,23.02,10.58,124
42,Female,57.7,1.57,167,122,52,1.83,1005,Cardio,17.7,2.7,4,3,23.41,9.15,115
34,Female,66.5,1.69,191,157,52,0.81,636,Cardio,28.1,2.3,3,1,23.28,13.09,139
50,Male,95.4,1.61,173,133,50,1.16,764,Strength,21.5,3.6,4,2,36.8,10.98,123
19,Female,69.2,1.6,186,155,74,1.17,907,Cardio,32.4,1.6,3,1,27.03,12.92,112
31,Female,66.6,1.67,184,137,71,1.02,699,Yoga,31,1.5,4,2,23.88,11.42,113
57,Male,83.4,1.65,172,166,67,1.57,1290,HIIT,13.3,3.5,4,3,30.63,13.69,105
57,Female,43.8,1.75,180,160,73,1.39,1001,Cardio,25.1,1.7,2,1,14.3,12.00,107
56,Female,64.2,1.69,190,137,61,1.99,1227,Cardio,19.6,2.7,5,3,22.48,10.28,129
23,Female,44.1,1.62,196,122,58,0.58,354,Yoga,25.7,2.7,2,1,16.8,10.17,138
23,Male,87.3,1.91,164,129,58,1.87,1327,HIIT,11.8,3.5,5,3,23.93,11.83,106
20,Male,55,1.6,172,168,67,1.12,1035,Yoga,24,3.2,4,2,21.48,15.40,105
24,Male,87.1,1.74,187,158,67,1.57,1364,Strength,10,3.5,4,3,28.77,14.48,120
25,Male,66.6,1.61,184,166,56,1.38,1260,Strength,25,3,2,1,25.69,15.22,128
59,Female,60.4,1.76,194,120,53,1.72,929,Cardio,18.8,2.7,5,3,19.5,9.00,141
32,Male,126.4,1.83,198,146,62,1.1,883,HIIT,28.2,2.1,3,2,37.74,13.38,136
46,Male,88.7,1.63,166,146,66,0.75,542,Strength,28.8,3.5,2,1,33.38,12.04,100
